🚀 正在初始化系统...
🔍 正在加载 Contriever 检索器...
📚 正在加载文档库...
📂 正在加载文件: /home/featurize/work/embeddings_1m/passages_00
📚 文档库加载完成，共 1000000 篇文档。
✅ 系统初始化完成
📂 正在加载数据集: professional_law 从 /home/featurize/work/mmlu_subset/professional_law.csv
✅ professional_law 加载完成，共 400 道题目
📂 正在加载数据集: moral_scenarios 从 /home/featurize/work/mmlu_subset/moral_scenarios.csv
✅ moral_scenarios 加载完成，共 400 道题目
📂 正在加载数据集: psychology 从 /home/featurize/work/mmlu_subset/psychology.csv
✅ psychology 加载完成，共 400 道题目
📂 正在加载数据集: mathematics 从 /home/featurize/work/mmlu_subset/mathematics.csv
✅ mathematics 加载完成，共 400 道题目

==================== 正在评测数据集: professional_law ====================
✅ 选取了 400 道题目 (数据集共 400 道)
题号: professional_law_0, 正确: True, 检索: 3.6497s, Rerank: 0.1972s, 生成: 2.6721s, 首字: 6.5895s, Rerank占比(总): 2.99%, Rerank占比(检): 5.13%
题号: professional_law_1, 正确: True, 检索: 3.5546s, Rerank: 0.0844s, 生成: 2.4263s, 首字: 6.1357s, Rerank占比(总): 1.38%, Rerank占比(检): 2.32%
题号: professional_law_2, 正确: True, 检索: 3.5446s, Rerank: 0.0882s, 生成: 2.5779s, 首字: 6.2829s, Rerank占比(总): 1.40%, Rerank占比(检): 2.43%
题号: professional_law_3, 正确: False, 检索: 3.5867s, Rerank: 0.0840s, 生成: 2.4364s, 首字: 6.1755s, Rerank占比(总): 1.36%, Rerank占比(检): 2.29%
题号: professional_law_4, 正确: True, 检索: 3.5310s, Rerank: 0.0840s, 生成: 2.4310s, 首字: 6.1146s, Rerank占比(总): 1.37%, Rerank占比(检): 2.32%
题号: professional_law_5, 正确: True, 检索: 3.5559s, Rerank: 0.0836s, 生成: 2.4400s, 首字: 6.1488s, Rerank占比(总): 1.36%, Rerank占比(检): 2.30%
题号: professional_law_6, 正确: False, 检索: 3.5383s, Rerank: 0.0851s, 生成: 2.4308s, 首字: 6.1243s, Rerank占比(总): 1.39%, Rerank占比(检): 2.35%
题号: professional_law_7, 正确: True, 检索: 3.5593s, Rerank: 0.0840s, 生成: 2.4371s, 首字: 6.1489s, Rerank占比(总): 1.37%, Rerank占比(检): 2.31%
题号: professional_law_8, 正确: False, 检索: 3.5597s, Rerank: 0.0839s, 生成: 2.4296s, 首字: 6.1451s, Rerank占比(总): 1.37%, Rerank占比(检): 2.30%
题号: professional_law_9, 正确: False, 检索: 3.5689s, Rerank: 0.0847s, 生成: 2.4344s, 首字: 6.1575s, Rerank占比(总): 1.38%, Rerank占比(检): 2.32%
题号: professional_law_10, 正确: False, 检索: 3.5682s, Rerank: 0.0845s, 生成: 2.4298s, 首字: 6.1525s, Rerank占比(总): 1.37%, Rerank占比(检): 2.31%
题号: professional_law_11, 正确: True, 检索: 3.5703s, Rerank: 0.0849s, 生成: 2.4302s, 首字: 6.1554s, Rerank占比(总): 1.38%, Rerank占比(检): 2.32%
题号: professional_law_12, 正确: False, 检索: 3.5367s, Rerank: 0.0844s, 生成: 2.4256s, 首字: 6.1163s, Rerank占比(总): 1.38%, Rerank占比(检): 2.33%
题号: professional_law_13, 正确: False, 检索: 3.5426s, Rerank: 0.0840s, 生成: 2.4341s, 首字: 6.1321s, Rerank占比(总): 1.37%, Rerank占比(检): 2.32%
题号: professional_law_14, 正确: True, 检索: 3.5360s, Rerank: 0.0851s, 生成: 2.4581s, 首字: 6.1497s, Rerank占比(总): 1.38%, Rerank占比(检): 2.35%
题号: professional_law_15, 正确: False, 检索: 3.5831s, Rerank: 0.0847s, 生成: 2.4425s, 首字: 6.1823s, Rerank占比(总): 1.37%, Rerank占比(检): 2.31%
题号: professional_law_16, 正确: False, 检索: 3.5686s, Rerank: 0.0858s, 生成: 2.4583s, 首字: 6.1818s, Rerank占比(总): 1.39%, Rerank占比(检): 2.35%
题号: professional_law_17, 正确: True, 检索: 3.6066s, Rerank: 0.0849s, 生成: 2.4347s, 首字: 6.1961s, Rerank占比(总): 1.37%, Rerank占比(检): 2.30%
题号: professional_law_18, 正确: False, 检索: 3.5747s, Rerank: 0.0840s, 生成: 2.4339s, 首字: 6.1626s, Rerank占比(总): 1.36%, Rerank占比(检): 2.30%
题号: professional_law_19, 正确: False, 检索: 3.5554s, Rerank: 0.0844s, 生成: 2.4385s, 首字: 6.1479s, Rerank占比(总): 1.37%, Rerank占比(检): 2.32%
题号: professional_law_20, 正确: False, 检索: 3.5406s, Rerank: 0.0842s, 生成: 2.4360s, 首字: 6.1309s, Rerank占比(总): 1.37%, Rerank占比(检): 2.32%
题号: professional_law_21, 正确: False, 检索: 3.5458s, Rerank: 0.0848s, 生成: 2.4396s, 首字: 6.1405s, Rerank占比(总): 1.38%, Rerank占比(检): 2.34%
题号: professional_law_22, 正确: False, 检索: 3.5381s, Rerank: 0.0840s, 生成: 2.4958s, 首字: 6.1890s, Rerank占比(总): 1.36%, Rerank占比(检): 2.32%
题号: professional_law_23, 正确: False, 检索: 4.6568s, Rerank: 0.0870s, 生成: 2.5132s, 首字: 7.3325s, Rerank占比(总): 1.19%, Rerank占比(检): 1.83%
题号: professional_law_24, 正确: False, 检索: 4.6170s, Rerank: 0.0874s, 生成: 2.5261s, 首字: 7.3034s, Rerank占比(总): 1.20%, Rerank占比(检): 1.86%
题号: professional_law_25, 正确: True, 检索: 4.6111s, Rerank: 0.0863s, 生成: 2.5060s, 首字: 7.2753s, Rerank占比(总): 1.19%, Rerank占比(检): 1.84%
题号: professional_law_26, 正确: False, 检索: 4.5989s, Rerank: 0.0865s, 生成: 2.5113s, 首字: 7.2702s, Rerank占比(总): 1.19%, Rerank占比(检): 1.85%
题号: professional_law_27, 正确: False, 检索: 4.5781s, Rerank: 0.0867s, 生成: 2.5095s, 首字: 7.2465s, Rerank占比(总): 1.20%, Rerank占比(检): 1.86%
题号: professional_law_28, 正确: False, 检索: 4.6323s, Rerank: 0.0877s, 生成: 2.5008s, 首字: 7.2941s, Rerank占比(总): 1.20%, Rerank占比(检): 1.86%
题号: professional_law_29, 正确: True, 检索: 4.6596s, Rerank: 0.0870s, 生成: 2.5083s, 首字: 7.3252s, Rerank占比(总): 1.19%, Rerank占比(检): 1.83%
题号: professional_law_30, 正确: True, 检索: 4.5983s, Rerank: 0.0874s, 生成: 2.5063s, 首字: 7.2668s, Rerank占比(总): 1.20%, Rerank占比(检): 1.87%
题号: professional_law_31, 正确: True, 检索: 4.5604s, Rerank: 0.0869s, 生成: 2.5030s, 首字: 7.2248s, Rerank占比(总): 1.20%, Rerank占比(检): 1.87%
题号: professional_law_32, 正确: True, 检索: 4.5649s, Rerank: 0.0886s, 生成: 2.5069s, 首字: 7.2341s, Rerank占比(总): 1.22%, Rerank占比(检): 1.90%
题号: professional_law_33, 正确: False, 检索: 4.6428s, Rerank: 0.0866s, 生成: 2.5059s, 首字: 7.3084s, Rerank占比(总): 1.19%, Rerank占比(检): 1.83%
题号: professional_law_34, 正确: True, 检索: 4.5924s, Rerank: 0.0865s, 生成: 2.5095s, 首字: 7.2592s, Rerank占比(总): 1.19%, Rerank占比(检): 1.85%
题号: professional_law_35, 正确: True, 检索: 4.6026s, Rerank: 0.0873s, 生成: 2.5032s, 首字: 7.2654s, Rerank占比(总): 1.20%, Rerank占比(检): 1.86%
题号: professional_law_36, 正确: True, 检索: 4.6004s, Rerank: 0.0872s, 生成: 2.5056s, 首字: 7.2676s, Rerank占比(总): 1.20%, Rerank占比(检): 1.86%
题号: professional_law_37, 正确: False, 检索: 4.6100s, Rerank: 0.0880s, 生成: 2.5098s, 首字: 7.2798s, Rerank占比(总): 1.21%, Rerank占比(检): 1.87%
题号: professional_law_38, 正确: True, 检索: 4.5717s, Rerank: 0.0871s, 生成: 2.5110s, 首字: 7.2437s, Rerank占比(总): 1.20%, Rerank占比(检): 1.87%
题号: professional_law_39, 正确: False, 检索: 4.5491s, Rerank: 0.0872s, 生成: 2.5051s, 首字: 7.2133s, Rerank占比(总): 1.21%, Rerank占比(检): 1.88%
题号: professional_law_40, 正确: False, 检索: 4.5933s, Rerank: 0.0862s, 生成: 2.5125s, 首字: 7.2651s, Rerank占比(总): 1.19%, Rerank占比(检): 1.84%
题号: professional_law_41, 正确: False, 检索: 4.6416s, Rerank: 0.0918s, 生成: 2.5123s, 首字: 7.3200s, Rerank占比(总): 1.25%, Rerank占比(检): 1.94%
题号: professional_law_42, 正确: False, 检索: 4.6023s, Rerank: 0.0859s, 生成: 2.5062s, 首字: 7.2649s, Rerank占比(总): 1.18%, Rerank占比(检): 1.83%
题号: professional_law_43, 正确: False, 检索: 4.6381s, Rerank: 0.0867s, 生成: 2.5143s, 首字: 7.3111s, Rerank占比(总): 1.19%, Rerank占比(检): 1.83%
题号: professional_law_44, 正确: False, 检索: 4.6055s, Rerank: 0.0861s, 生成: 2.5039s, 首字: 7.2670s, Rerank占比(总): 1.18%, Rerank占比(检): 1.83%
题号: professional_law_45, 正确: False, 检索: 4.2253s, Rerank: 0.0838s, 生成: 2.4977s, 首字: 6.8775s, Rerank占比(总): 1.22%, Rerank占比(检): 1.94%
题号: professional_law_46, 正确: False, 检索: 4.6533s, Rerank: 0.0876s, 生成: 2.5071s, 首字: 7.3228s, Rerank占比(总): 1.20%, Rerank占比(检): 1.85%
题号: professional_law_47, 正确: False, 检索: 4.6068s, Rerank: 0.0866s, 生成: 2.5105s, 首字: 7.2738s, Rerank占比(总): 1.19%, Rerank占比(检): 1.84%
题号: professional_law_48, 正确: False, 检索: 4.6019s, Rerank: 0.0861s, 生成: 2.5122s, 首字: 7.2723s, Rerank占比(总): 1.18%, Rerank占比(检): 1.84%
题号: professional_law_49, 正确: False, 检索: 4.5878s, Rerank: 0.0875s, 生成: 2.5179s, 首字: 7.2650s, Rerank占比(总): 1.20%, Rerank占比(检): 1.87%
题号: professional_law_50, 正确: False, 检索: 4.6123s, Rerank: 0.0896s, 生成: 2.5216s, 首字: 7.2978s, Rerank占比(总): 1.23%, Rerank占比(检): 1.91%
题号: professional_law_51, 正确: False, 检索: 4.5967s, Rerank: 0.0872s, 生成: 2.5204s, 首字: 7.2774s, Rerank占比(总): 1.20%, Rerank占比(检): 1.86%
题号: professional_law_52, 正确: True, 检索: 4.5271s, Rerank: 0.0882s, 生成: 2.5151s, 首字: 7.2020s, Rerank占比(总): 1.22%, Rerank占比(检): 1.91%
题号: professional_law_53, 正确: False, 检索: 4.5739s, Rerank: 0.0864s, 生成: 2.5192s, 首字: 7.2517s, Rerank占比(总): 1.19%, Rerank占比(检): 1.85%
题号: professional_law_54, 正确: False, 检索: 4.6420s, Rerank: 0.0880s, 生成: 2.5290s, 首字: 7.3335s, Rerank占比(总): 1.20%, Rerank占比(检): 1.86%
题号: professional_law_55, 正确: False, 检索: 4.5916s, Rerank: 0.0876s, 生成: 2.5117s, 首字: 7.2696s, Rerank占比(总): 1.21%, Rerank占比(检): 1.87%
题号: professional_law_56, 正确: False, 检索: 4.5960s, Rerank: 0.0868s, 生成: 2.5083s, 首字: 7.2623s, Rerank占比(总): 1.19%, Rerank占比(检): 1.85%
题号: professional_law_57, 正确: False, 检索: 4.5923s, Rerank: 0.0873s, 生成: 2.5094s, 首字: 7.2639s, Rerank占比(总): 1.20%, Rerank占比(检): 1.87%
题号: professional_law_58, 正确: False, 检索: 3.5677s, Rerank: 0.0860s, 生成: 2.5118s, 首字: 6.2448s, Rerank占比(总): 1.38%, Rerank占比(检): 2.35%
题号: professional_law_59, 正确: True, 检索: 4.6003s, Rerank: 0.0869s, 生成: 2.5126s, 首字: 7.2748s, Rerank占比(总): 1.19%, Rerank占比(检): 1.85%
题号: professional_law_60, 正确: False, 检索: 4.5827s, Rerank: 0.0860s, 生成: 2.5081s, 首字: 7.2475s, Rerank占比(总): 1.19%, Rerank占比(检): 1.84%
题号: professional_law_61, 正确: True, 检索: 4.6054s, Rerank: 0.0869s, 生成: 2.5065s, 首字: 7.2731s, Rerank占比(总): 1.19%, Rerank占比(检): 1.85%
题号: professional_law_62, 正确: False, 检索: 4.5512s, Rerank: 0.0859s, 生成: 2.5100s, 首字: 7.2182s, Rerank占比(总): 1.19%, Rerank占比(检): 1.85%
题号: professional_law_63, 正确: True, 检索: 4.6088s, Rerank: 0.0865s, 生成: 2.5070s, 首字: 7.2759s, Rerank占比(总): 1.19%, Rerank占比(检): 1.84%
题号: professional_law_64, 正确: True, 检索: 4.6045s, Rerank: 0.0856s, 生成: 2.5089s, 首字: 7.2716s, Rerank占比(总): 1.18%, Rerank占比(检): 1.82%
题号: professional_law_65, 正确: False, 检索: 4.4152s, Rerank: 0.0864s, 生成: 2.5090s, 首字: 7.0841s, Rerank占比(总): 1.22%, Rerank占比(检): 1.92%
题号: professional_law_66, 正确: False, 检索: 4.5962s, Rerank: 0.0863s, 生成: 2.5104s, 首字: 7.2633s, Rerank占比(总): 1.19%, Rerank占比(检): 1.84%
题号: professional_law_67, 正确: False, 检索: 4.5602s, Rerank: 0.0863s, 生成: 2.5085s, 首字: 7.2254s, Rerank占比(总): 1.19%, Rerank占比(检): 1.86%
题号: professional_law_68, 正确: False, 检索: 4.5509s, Rerank: 0.0859s, 生成: 2.5060s, 首字: 7.2136s, Rerank占比(总): 1.19%, Rerank占比(检): 1.85%
题号: professional_law_69, 正确: False, 检索: 4.6473s, Rerank: 0.0860s, 生成: 2.5123s, 首字: 7.3177s, Rerank占比(总): 1.18%, Rerank占比(检): 1.82%
题号: professional_law_70, 正确: False, 检索: 4.6060s, Rerank: 0.0857s, 生成: 2.5117s, 首字: 7.2761s, Rerank占比(总): 1.18%, Rerank占比(检): 1.83%
题号: professional_law_71, 正确: False, 检索: 4.5914s, Rerank: 0.0879s, 生成: 2.5093s, 首字: 7.2620s, Rerank占比(总): 1.21%, Rerank占比(检): 1.88%
题号: professional_law_72, 正确: False, 检索: 4.5756s, Rerank: 0.0863s, 生成: 2.5121s, 首字: 7.2467s, Rerank占比(总): 1.19%, Rerank占比(检): 1.85%
题号: professional_law_73, 正确: False, 检索: 4.5824s, Rerank: 0.0861s, 生成: 2.5155s, 首字: 7.2561s, Rerank占比(总): 1.19%, Rerank占比(检): 1.84%
题号: professional_law_74, 正确: False, 检索: 4.5809s, Rerank: 0.0861s, 生成: 2.5451s, 首字: 7.2850s, Rerank占比(总): 1.18%, Rerank占比(检): 1.84%
题号: professional_law_75, 正确: False, 检索: 3.6533s, Rerank: 0.0863s, 生成: 2.4719s, 首字: 6.2831s, Rerank占比(总): 1.37%, Rerank占比(检): 2.31%
题号: professional_law_76, 正确: True, 检索: 3.5477s, Rerank: 0.0835s, 生成: 2.4218s, 首字: 6.1239s, Rerank占比(总): 1.36%, Rerank占比(检): 2.30%
题号: professional_law_77, 正确: False, 检索: 3.5449s, Rerank: 0.0838s, 生成: 2.4240s, 首字: 6.1224s, Rerank占比(总): 1.37%, Rerank占比(检): 2.31%
题号: professional_law_78, 正确: False, 检索: 3.6839s, Rerank: 0.0875s, 生成: 2.5020s, 首字: 6.3466s, Rerank占比(总): 1.38%, Rerank占比(检): 2.32%
题号: professional_law_79, 正确: False, 检索: 4.6320s, Rerank: 0.0869s, 生成: 2.5059s, 首字: 7.2975s, Rerank占比(总): 1.19%, Rerank占比(检): 1.84%
题号: professional_law_80, 正确: True, 检索: 4.6219s, Rerank: 0.0871s, 生成: 2.5289s, 首字: 7.3130s, Rerank占比(总): 1.19%, Rerank占比(检): 1.85%
题号: professional_law_81, 正确: False, 检索: 4.6236s, Rerank: 0.0875s, 生成: 2.5099s, 首字: 7.2957s, Rerank占比(总): 1.20%, Rerank占比(检): 1.86%
题号: professional_law_82, 正确: False, 检索: 4.6253s, Rerank: 0.0878s, 生成: 2.4984s, 首字: 7.2855s, Rerank占比(总): 1.21%, Rerank占比(检): 1.86%
题号: professional_law_83, 正确: False, 检索: 4.6272s, Rerank: 0.0875s, 生成: 2.5172s, 首字: 7.3034s, Rerank占比(总): 1.20%, Rerank占比(检): 1.86%
题号: professional_law_84, 正确: False, 检索: 4.6550s, Rerank: 0.0880s, 生成: 2.5297s, 首字: 7.3451s, Rerank占比(总): 1.20%, Rerank占比(检): 1.85%
题号: professional_law_85, 正确: True, 检索: 4.6342s, Rerank: 0.0887s, 生成: 2.5286s, 首字: 7.3262s, Rerank占比(总): 1.21%, Rerank占比(检): 1.88%
题号: professional_law_86, 正确: False, 检索: 4.6185s, Rerank: 0.0877s, 生成: 2.5130s, 首字: 7.2974s, Rerank占比(总): 1.20%, Rerank占比(检): 1.86%
题号: professional_law_87, 正确: False, 检索: 4.6630s, Rerank: 0.0874s, 生成: 2.5278s, 首字: 7.3548s, Rerank占比(总): 1.19%, Rerank占比(检): 1.84%
题号: professional_law_88, 正确: True, 检索: 4.6156s, Rerank: 0.0879s, 生成: 2.5161s, 首字: 7.2938s, Rerank占比(总): 1.20%, Rerank占比(检): 1.87%
题号: professional_law_89, 正确: False, 检索: 4.6147s, Rerank: 0.0893s, 生成: 2.5288s, 首字: 7.3089s, Rerank占比(总): 1.22%, Rerank占比(检): 1.90%
题号: professional_law_90, 正确: False, 检索: 4.6779s, Rerank: 0.0871s, 生成: 2.5140s, 首字: 7.3528s, Rerank占比(总): 1.18%, Rerank占比(检): 1.83%
题号: professional_law_91, 正确: False, 检索: 4.6512s, Rerank: 0.0872s, 生成: 2.5240s, 首字: 7.3344s, Rerank占比(总): 1.19%, Rerank占比(检): 1.84%
题号: professional_law_92, 正确: False, 检索: 4.6955s, Rerank: 0.0884s, 生成: 2.5313s, 首字: 7.3909s, Rerank占比(总): 1.20%, Rerank占比(检): 1.85%
题号: professional_law_93, 正确: False, 检索: 4.6309s, Rerank: 0.0867s, 生成: 2.5279s, 首字: 7.3201s, Rerank占比(总): 1.18%, Rerank占比(检): 1.84%
题号: professional_law_94, 正确: False, 检索: 4.6124s, Rerank: 0.0867s, 生成: 2.5304s, 首字: 7.3053s, Rerank占比(总): 1.19%, Rerank占比(检): 1.85%
题号: professional_law_95, 正确: False, 检索: 4.6652s, Rerank: 0.0872s, 生成: 2.5280s, 首字: 7.3515s, Rerank占比(总): 1.19%, Rerank占比(检): 1.83%
题号: professional_law_96, 正确: False, 检索: 4.6216s, Rerank: 0.0870s, 生成: 2.5313s, 首字: 7.3126s, Rerank占比(总): 1.19%, Rerank占比(检): 1.85%
题号: professional_law_97, 正确: True, 检索: 4.6456s, Rerank: 0.0880s, 生成: 2.5274s, 首字: 7.3365s, Rerank占比(总): 1.20%, Rerank占比(检): 1.86%
题号: professional_law_98, 正确: False, 检索: 4.6245s, Rerank: 0.0886s, 生成: 2.5351s, 首字: 7.3235s, Rerank占比(总): 1.21%, Rerank占比(检): 1.88%
题号: professional_law_99, 正确: False, 检索: 4.6492s, Rerank: 0.0880s, 生成: 2.5338s, 首字: 7.3442s, Rerank占比(总): 1.20%, Rerank占比(检): 1.86%
题号: professional_law_100, 正确: False, 检索: 4.6011s, Rerank: 0.0870s, 生成: 2.5319s, 首字: 7.2967s, Rerank占比(总): 1.19%, Rerank占比(检): 1.86%
题号: professional_law_101, 正确: False, 检索: 4.5880s, Rerank: 0.0879s, 生成: 2.5416s, 首字: 7.2919s, Rerank占比(总): 1.21%, Rerank占比(检): 1.88%
题号: professional_law_102, 正确: True, 检索: 4.6410s, Rerank: 0.0875s, 生成: 2.5267s, 首字: 7.3299s, Rerank占比(总): 1.19%, Rerank占比(检): 1.85%
题号: professional_law_103, 正确: False, 检索: 4.6419s, Rerank: 0.0888s, 生成: 2.5272s, 首字: 7.3317s, Rerank占比(总): 1.21%, Rerank占比(检): 1.88%
题号: professional_law_104, 正确: False, 检索: 4.5969s, Rerank: 0.0883s, 生成: 2.5387s, 首字: 7.2992s, Rerank占比(总): 1.21%, Rerank占比(检): 1.89%
题号: professional_law_105, 正确: False, 检索: 4.6673s, Rerank: 0.0870s, 生成: 2.5204s, 首字: 7.3482s, Rerank占比(总): 1.18%, Rerank占比(检): 1.83%
题号: professional_law_106, 正确: True, 检索: 4.6061s, Rerank: 0.0883s, 生成: 2.5258s, 首字: 7.2937s, Rerank占比(总): 1.21%, Rerank占比(检): 1.88%
题号: professional_law_107, 正确: False, 检索: 4.6629s, Rerank: 0.0889s, 生成: 2.5389s, 首字: 7.3657s, Rerank占比(总): 1.21%, Rerank占比(检): 1.87%
题号: professional_law_108, 正确: False, 检索: 4.6337s, Rerank: 0.0869s, 生成: 2.5228s, 首字: 7.3199s, Rerank占比(总): 1.19%, Rerank占比(检): 1.84%
题号: professional_law_109, 正确: False, 检索: 4.6740s, Rerank: 0.0902s, 生成: 2.4792s, 首字: 7.3187s, Rerank占比(总): 1.23%, Rerank占比(检): 1.89%
题号: professional_law_110, 正确: False, 检索: 3.5762s, Rerank: 0.0861s, 生成: 2.4435s, 首字: 6.1906s, Rerank占比(总): 1.39%, Rerank占比(检): 2.35%
题号: professional_law_111, 正确: False, 检索: 3.5718s, Rerank: 0.0851s, 生成: 2.4351s, 首字: 6.1704s, Rerank占比(总): 1.38%, Rerank占比(检): 2.33%
题号: professional_law_112, 正确: True, 检索: 3.5551s, Rerank: 0.0843s, 生成: 2.4298s, 首字: 6.1400s, Rerank占比(总): 1.37%, Rerank占比(检): 2.32%
题号: professional_law_113, 正确: True, 检索: 3.5378s, Rerank: 0.0845s, 生成: 2.4361s, 首字: 6.1283s, Rerank占比(总): 1.38%, Rerank占比(检): 2.33%
题号: professional_law_114, 正确: True, 检索: 3.5512s, Rerank: 0.0845s, 生成: 2.4219s, 首字: 6.1277s, Rerank占比(总): 1.38%, Rerank占比(检): 2.32%
题号: professional_law_115, 正确: False, 检索: 3.5511s, Rerank: 0.0845s, 生成: 2.4362s, 首字: 6.1418s, Rerank占比(总): 1.38%, Rerank占比(检): 2.32%
题号: professional_law_116, 正确: False, 检索: 3.5419s, Rerank: 0.0839s, 生成: 2.4342s, 首字: 6.1305s, Rerank占比(总): 1.37%, Rerank占比(检): 2.31%
题号: professional_law_117, 正确: False, 检索: 3.5352s, Rerank: 0.0832s, 生成: 2.4280s, 首字: 6.1159s, Rerank占比(总): 1.36%, Rerank占比(检): 2.30%
题号: professional_law_118, 正确: True, 检索: 3.5417s, Rerank: 0.0842s, 生成: 2.4297s, 首字: 6.1273s, Rerank占比(总): 1.37%, Rerank占比(检): 2.32%
题号: professional_law_119, 正确: False, 检索: 3.5523s, Rerank: 0.0842s, 生成: 2.4278s, 首字: 6.1337s, Rerank占比(总): 1.37%, Rerank占比(检): 2.32%
题号: professional_law_120, 正确: False, 检索: 3.5421s, Rerank: 0.0848s, 生成: 2.5181s, 首字: 6.2158s, Rerank占比(总): 1.36%, Rerank占比(检): 2.34%
题号: professional_law_121, 正确: False, 检索: 3.5927s, Rerank: 0.0856s, 生成: 2.4841s, 首字: 6.2327s, Rerank占比(总): 1.37%, Rerank占比(检): 2.33%
题号: professional_law_122, 正确: False, 检索: 3.5640s, Rerank: 0.0886s, 生成: 2.4847s, 首字: 6.2079s, Rerank占比(总): 1.43%, Rerank占比(检): 2.43%
题号: professional_law_123, 正确: False, 检索: 3.6173s, Rerank: 0.0878s, 生成: 2.5493s, 首字: 6.3254s, Rerank占比(总): 1.39%, Rerank占比(检): 2.37%
题号: professional_law_124, 正确: False, 检索: 3.5719s, Rerank: 0.0849s, 生成: 2.4237s, 首字: 6.1505s, Rerank占比(总): 1.38%, Rerank占比(检): 2.32%
题号: professional_law_125, 正确: False, 检索: 3.5316s, Rerank: 0.0837s, 生成: 2.4312s, 首字: 6.1154s, Rerank占比(总): 1.37%, Rerank占比(检): 2.32%
题号: professional_law_126, 正确: False, 检索: 3.5366s, Rerank: 0.0841s, 生成: 2.4227s, 首字: 6.1135s, Rerank占比(总): 1.38%, Rerank占比(检): 2.32%
题号: professional_law_127, 正确: True, 检索: 3.5419s, Rerank: 0.0835s, 生成: 2.4344s, 首字: 6.1305s, Rerank占比(总): 1.36%, Rerank占比(检): 2.30%
题号: professional_law_128, 正确: False, 检索: 3.5507s, Rerank: 0.0853s, 生成: 2.4921s, 首字: 6.1990s, Rerank占比(总): 1.38%, Rerank占比(检): 2.34%
题号: professional_law_129, 正确: False, 检索: 3.5579s, Rerank: 0.0839s, 生成: 2.4195s, 首字: 6.1318s, Rerank占比(总): 1.37%, Rerank占比(检): 2.30%
题号: professional_law_130, 正确: False, 检索: 3.5258s, Rerank: 0.0835s, 生成: 2.4260s, 首字: 6.1054s, Rerank占比(总): 1.37%, Rerank占比(检): 2.31%
题号: professional_law_131, 正确: True, 检索: 3.6050s, Rerank: 0.0845s, 生成: 2.4258s, 首字: 6.1871s, Rerank占比(总): 1.37%, Rerank占比(检): 2.29%
题号: professional_law_132, 正确: True, 检索: 3.5469s, Rerank: 0.0845s, 生成: 2.4279s, 首字: 6.1294s, Rerank占比(总): 1.38%, Rerank占比(检): 2.33%
题号: professional_law_133, 正确: False, 检索: 3.5161s, Rerank: 0.0837s, 生成: 2.4130s, 首字: 6.0831s, Rerank占比(总): 1.38%, Rerank占比(检): 2.33%
题号: professional_law_134, 正确: True, 检索: 3.5460s, Rerank: 0.0837s, 生成: 2.4546s, 首字: 6.1533s, Rerank占比(总): 1.36%, Rerank占比(检): 2.31%
题号: professional_law_135, 正确: True, 检索: 3.5577s, Rerank: 0.0844s, 生成: 2.4527s, 首字: 6.1644s, Rerank占比(总): 1.37%, Rerank占比(检): 2.32%
题号: professional_law_136, 正确: False, 检索: 3.5085s, Rerank: 0.0835s, 生成: 2.4213s, 首字: 6.0828s, Rerank占比(总): 1.37%, Rerank占比(检): 2.33%
题号: professional_law_137, 正确: False, 检索: 3.5138s, Rerank: 0.0836s, 生成: 2.4304s, 首字: 6.0987s, Rerank占比(总): 1.37%, Rerank占比(检): 2.32%
题号: professional_law_138, 正确: False, 检索: 3.5102s, Rerank: 0.0838s, 生成: 2.4249s, 首字: 6.0919s, Rerank占比(总): 1.38%, Rerank占比(检): 2.33%
题号: professional_law_139, 正确: False, 检索: 3.5737s, Rerank: 0.0895s, 生成: 2.4468s, 首字: 6.1830s, Rerank占比(总): 1.45%, Rerank占比(检): 2.44%
题号: professional_law_140, 正确: False, 检索: 3.5393s, Rerank: 0.0876s, 生成: 2.5334s, 首字: 6.2290s, Rerank占比(总): 1.41%, Rerank占比(检): 2.41%
题号: professional_law_141, 正确: False, 检索: 3.5903s, Rerank: 0.0844s, 生成: 2.4981s, 首字: 6.2412s, Rerank占比(总): 1.35%, Rerank占比(检): 2.30%
题号: professional_law_142, 正确: False, 检索: 3.6030s, Rerank: 0.0892s, 生成: 2.5630s, 首字: 6.3258s, Rerank占比(总): 1.41%, Rerank占比(检): 2.42%
题号: professional_law_143, 正确: False, 检索: 3.5904s, Rerank: 0.0898s, 生成: 2.6042s, 首字: 6.3546s, Rerank占比(总): 1.41%, Rerank占比(检): 2.44%
题号: professional_law_144, 正确: True, 检索: 3.5987s, Rerank: 0.0841s, 生成: 2.4272s, 首字: 6.1797s, Rerank占比(总): 1.36%, Rerank占比(检): 2.28%
题号: professional_law_145, 正确: True, 检索: 3.5236s, Rerank: 0.0837s, 生成: 2.4307s, 首字: 6.1065s, Rerank占比(总): 1.37%, Rerank占比(检): 2.32%
题号: professional_law_146, 正确: False, 检索: 3.5278s, Rerank: 0.0843s, 生成: 2.4204s, 首字: 6.1044s, Rerank占比(总): 1.38%, Rerank占比(检): 2.34%
题号: professional_law_147, 正确: False, 检索: 3.5636s, Rerank: 0.0896s, 生成: 2.5870s, 首字: 6.3103s, Rerank占比(总): 1.42%, Rerank占比(检): 2.45%
题号: professional_law_148, 正确: False, 检索: 3.5863s, Rerank: 0.0887s, 生成: 2.4735s, 首字: 6.2193s, Rerank占比(总): 1.43%, Rerank占比(检): 2.41%
题号: professional_law_149, 正确: False, 检索: 3.5367s, Rerank: 0.0845s, 生成: 2.4323s, 首字: 6.1239s, Rerank占比(总): 1.38%, Rerank占比(检): 2.33%
题号: professional_law_150, 正确: False, 检索: 3.5223s, Rerank: 0.0849s, 生成: 2.4325s, 首字: 6.1095s, Rerank占比(总): 1.39%, Rerank占比(检): 2.35%
题号: professional_law_151, 正确: False, 检索: 3.5320s, Rerank: 0.0846s, 生成: 2.4455s, 首字: 6.1328s, Rerank占比(总): 1.38%, Rerank占比(检): 2.34%
题号: professional_law_152, 正确: True, 检索: 3.5237s, Rerank: 0.0844s, 生成: 2.4517s, 首字: 6.1301s, Rerank占比(总): 1.38%, Rerank占比(检): 2.34%
题号: professional_law_153, 正确: False, 检索: 3.5375s, Rerank: 0.0853s, 生成: 2.4419s, 首字: 6.1347s, Rerank占比(总): 1.39%, Rerank占比(检): 2.36%
题号: professional_law_154, 正确: False, 检索: 3.5345s, Rerank: 0.0841s, 生成: 2.4634s, 首字: 6.1517s, Rerank占比(总): 1.37%, Rerank占比(检): 2.32%
题号: professional_law_155, 正确: True, 检索: 3.5399s, Rerank: 0.0862s, 生成: 2.4796s, 首字: 6.1747s, Rerank占比(总): 1.40%, Rerank占比(检): 2.38%
题号: professional_law_156, 正确: False, 检索: 3.5357s, Rerank: 0.0861s, 生成: 2.4527s, 首字: 6.1467s, Rerank占比(总): 1.40%, Rerank占比(检): 2.38%
题号: professional_law_157, 正确: False, 检索: 3.5681s, Rerank: 0.0878s, 生成: 2.4524s, 首字: 6.1782s, Rerank占比(总): 1.42%, Rerank占比(检): 2.40%
题号: professional_law_158, 正确: False, 检索: 3.5497s, Rerank: 0.0852s, 生成: 2.4379s, 首字: 6.1421s, Rerank占比(总): 1.39%, Rerank占比(检): 2.34%
题号: professional_law_159, 正确: False, 检索: 3.5210s, Rerank: 0.0847s, 生成: 2.5850s, 首字: 6.2619s, Rerank占比(总): 1.35%, Rerank占比(检): 2.35%
题号: professional_law_160, 正确: True, 检索: 3.5922s, Rerank: 0.0844s, 生成: 2.4449s, 首字: 6.1902s, Rerank占比(总): 1.36%, Rerank占比(检): 2.30%
题号: professional_law_161, 正确: False, 检索: 3.5582s, Rerank: 0.0847s, 生成: 2.4470s, 首字: 6.1594s, Rerank占比(总): 1.38%, Rerank占比(检): 2.33%
题号: professional_law_162, 正确: False, 检索: 3.5510s, Rerank: 0.0850s, 生成: 2.4431s, 首字: 6.1484s, Rerank占比(总): 1.38%, Rerank占比(检): 2.34%
题号: professional_law_163, 正确: False, 检索: 3.5613s, Rerank: 0.0848s, 生成: 2.4407s, 首字: 6.1558s, Rerank占比(总): 1.38%, Rerank占比(检): 2.33%
题号: professional_law_164, 正确: False, 检索: 3.5502s, Rerank: 0.0861s, 生成: 2.5092s, 首字: 6.2150s, Rerank占比(总): 1.38%, Rerank占比(检): 2.37%
题号: professional_law_165, 正确: True, 检索: 3.5581s, Rerank: 0.0846s, 生成: 2.4325s, 首字: 6.1469s, Rerank占比(总): 1.38%, Rerank占比(检): 2.32%
题号: professional_law_166, 正确: False, 检索: 3.5434s, Rerank: 0.0850s, 生成: 2.4324s, 首字: 6.1302s, Rerank占比(总): 1.39%, Rerank占比(检): 2.34%
题号: professional_law_167, 正确: False, 检索: 3.5444s, Rerank: 0.0834s, 生成: 2.4327s, 首字: 6.1315s, Rerank占比(总): 1.36%, Rerank占比(检): 2.30%
题号: professional_law_168, 正确: False, 检索: 3.5384s, Rerank: 0.0844s, 生成: 2.4382s, 首字: 6.1314s, Rerank占比(总): 1.38%, Rerank占比(检): 2.33%
题号: professional_law_169, 正确: False, 检索: 3.6167s, Rerank: 0.0849s, 生成: 2.4419s, 首字: 6.2132s, Rerank占比(总): 1.37%, Rerank占比(检): 2.29%
题号: professional_law_170, 正确: False, 检索: 3.5220s, Rerank: 0.0833s, 生成: 2.4324s, 首字: 6.1069s, Rerank占比(总): 1.36%, Rerank占比(检): 2.31%
题号: professional_law_171, 正确: False, 检索: 3.5756s, Rerank: 0.0841s, 生成: 2.4196s, 首字: 6.1492s, Rerank占比(总): 1.37%, Rerank占比(检): 2.30%
题号: professional_law_172, 正确: False, 检索: 3.5197s, Rerank: 0.0842s, 生成: 2.4318s, 首字: 6.1079s, Rerank占比(总): 1.38%, Rerank占比(检): 2.34%
题号: professional_law_173, 正确: False, 检索: 3.5244s, Rerank: 0.0844s, 生成: 2.4255s, 首字: 6.1032s, Rerank占比(总): 1.38%, Rerank占比(检): 2.34%
题号: professional_law_174, 正确: True, 检索: 3.5271s, Rerank: 0.0839s, 生成: 2.4299s, 首字: 6.1094s, Rerank占比(总): 1.37%, Rerank占比(检): 2.32%
题号: professional_law_175, 正确: False, 检索: 3.5476s, Rerank: 0.0886s, 生成: 2.5059s, 首字: 6.2126s, Rerank占比(总): 1.43%, Rerank占比(检): 2.44%
题号: professional_law_176, 正确: False, 检索: 3.5407s, Rerank: 0.0852s, 生成: 2.4307s, 首字: 6.1296s, Rerank占比(总): 1.39%, Rerank占比(检): 2.35%
题号: professional_law_177, 正确: True, 检索: 3.5393s, Rerank: 0.0848s, 生成: 2.4332s, 首字: 6.1268s, Rerank占比(总): 1.38%, Rerank占比(检): 2.34%
题号: professional_law_178, 正确: True, 检索: 3.5276s, Rerank: 0.0829s, 生成: 2.4360s, 首字: 6.1155s, Rerank占比(总): 1.36%, Rerank占比(检): 2.30%
题号: professional_law_179, 正确: False, 检索: 3.5357s, Rerank: 0.0867s, 生成: 2.4463s, 首字: 6.1384s, Rerank占比(总): 1.41%, Rerank占比(检): 2.39%
题号: professional_law_180, 正确: False, 检索: 3.5690s, Rerank: 0.0839s, 生成: 2.4426s, 首字: 6.1662s, Rerank占比(总): 1.36%, Rerank占比(检): 2.30%
题号: professional_law_181, 正确: False, 检索: 3.5704s, Rerank: 0.0839s, 生成: 2.4252s, 首字: 6.1494s, Rerank占比(总): 1.36%, Rerank占比(检): 2.30%
题号: professional_law_182, 正确: True, 检索: 3.5451s, Rerank: 0.0885s, 生成: 2.4370s, 首字: 6.1412s, Rerank占比(总): 1.44%, Rerank占比(检): 2.43%
题号: professional_law_183, 正确: False, 检索: 3.5331s, Rerank: 0.0836s, 生成: 2.4278s, 首字: 6.1144s, Rerank占比(总): 1.37%, Rerank占比(检): 2.31%
题号: professional_law_184, 正确: True, 检索: 3.5488s, Rerank: 0.0850s, 生成: 2.4609s, 首字: 6.1666s, Rerank占比(总): 1.38%, Rerank占比(检): 2.34%
题号: professional_law_185, 正确: True, 检索: 3.5490s, Rerank: 0.0836s, 生成: 2.4477s, 首字: 6.1497s, Rerank占比(总): 1.36%, Rerank占比(检): 2.30%
题号: professional_law_186, 正确: False, 检索: 3.5184s, Rerank: 0.0838s, 生成: 2.4272s, 首字: 6.0988s, Rerank占比(总): 1.37%, Rerank占比(检): 2.33%
题号: professional_law_187, 正确: False, 检索: 3.5149s, Rerank: 0.0840s, 生成: 2.4385s, 首字: 6.1068s, Rerank占比(总): 1.38%, Rerank占比(检): 2.33%
题号: professional_law_188, 正确: False, 检索: 3.5148s, Rerank: 0.0840s, 生成: 2.4246s, 首字: 6.0935s, Rerank占比(总): 1.38%, Rerank占比(检): 2.33%
题号: professional_law_189, 正确: False, 检索: 3.5155s, Rerank: 0.0840s, 生成: 2.4318s, 首字: 6.1018s, Rerank占比(总): 1.38%, Rerank占比(检): 2.33%
题号: professional_law_190, 正确: True, 检索: 3.5179s, Rerank: 0.0836s, 生成: 2.4388s, 首字: 6.1112s, Rerank占比(总): 1.37%, Rerank占比(检): 2.32%
题号: professional_law_191, 正确: True, 检索: 3.5081s, Rerank: 0.0841s, 生成: 2.4428s, 首字: 6.1047s, Rerank占比(总): 1.38%, Rerank占比(检): 2.34%
题号: professional_law_192, 正确: False, 检索: 3.5211s, Rerank: 0.0844s, 生成: 2.4348s, 首字: 6.1098s, Rerank占比(总): 1.38%, Rerank占比(检): 2.34%
题号: professional_law_193, 正确: False, 检索: 3.5317s, Rerank: 0.0849s, 生成: 2.4452s, 首字: 6.1318s, Rerank占比(总): 1.39%, Rerank占比(检): 2.35%
题号: professional_law_194, 正确: False, 检索: 3.5201s, Rerank: 0.0840s, 生成: 2.4430s, 首字: 6.1184s, Rerank占比(总): 1.37%, Rerank占比(检): 2.33%
题号: professional_law_195, 正确: False, 检索: 3.5910s, Rerank: 0.0840s, 生成: 2.4678s, 首字: 6.2122s, Rerank占比(总): 1.35%, Rerank占比(检): 2.29%
题号: professional_law_196, 正确: True, 检索: 3.5777s, Rerank: 0.0845s, 生成: 2.4340s, 首字: 6.1661s, Rerank占比(总): 1.37%, Rerank占比(检): 2.31%
题号: professional_law_197, 正确: False, 检索: 3.5318s, Rerank: 0.0835s, 生成: 2.4340s, 首字: 6.1184s, Rerank占比(总): 1.36%, Rerank占比(检): 2.31%
题号: professional_law_198, 正确: True, 检索: 3.5234s, Rerank: 0.0840s, 生成: 2.4316s, 首字: 6.1091s, Rerank占比(总): 1.37%, Rerank占比(检): 2.33%
题号: professional_law_199, 正确: False, 检索: 3.5328s, Rerank: 0.0839s, 生成: 2.4316s, 首字: 6.1176s, Rerank占比(总): 1.37%, Rerank占比(检): 2.32%
题号: professional_law_200, 正确: False, 检索: 3.5259s, Rerank: 0.0838s, 生成: 2.4360s, 首字: 6.1156s, Rerank占比(总): 1.37%, Rerank占比(检): 2.32%
题号: professional_law_201, 正确: False, 检索: 3.5567s, Rerank: 0.0838s, 生成: 2.4348s, 首字: 6.1441s, Rerank占比(总): 1.36%, Rerank占比(检): 2.30%
题号: professional_law_202, 正确: False, 检索: 3.5304s, Rerank: 0.0850s, 生成: 2.4294s, 首字: 6.1139s, Rerank占比(总): 1.39%, Rerank占比(检): 2.35%
题号: professional_law_203, 正确: False, 检索: 3.5183s, Rerank: 0.0839s, 生成: 2.4255s, 首字: 6.0975s, Rerank占比(总): 1.38%, Rerank占比(检): 2.33%
题号: professional_law_204, 正确: True, 检索: 3.5162s, Rerank: 0.0846s, 生成: 2.4292s, 首字: 6.0998s, Rerank占比(总): 1.39%, Rerank占比(检): 2.35%
题号: professional_law_205, 正确: False, 检索: 3.5260s, Rerank: 0.0835s, 生成: 2.4350s, 首字: 6.1134s, Rerank占比(总): 1.37%, Rerank占比(检): 2.31%
题号: professional_law_206, 正确: False, 检索: 3.5278s, Rerank: 0.0852s, 生成: 2.4442s, 首字: 6.1274s, Rerank占比(总): 1.39%, Rerank占比(检): 2.36%
题号: professional_law_207, 正确: False, 检索: 3.5269s, Rerank: 0.0838s, 生成: 2.4394s, 首字: 6.1192s, Rerank占比(总): 1.37%, Rerank占比(检): 2.32%
题号: professional_law_208, 正确: False, 检索: 3.5277s, Rerank: 0.0835s, 生成: 2.4316s, 首字: 6.1119s, Rerank占比(总): 1.37%, Rerank占比(检): 2.31%
题号: professional_law_209, 正确: False, 检索: 3.5407s, Rerank: 0.0837s, 生成: 2.4293s, 首字: 6.1240s, Rerank占比(总): 1.37%, Rerank占比(检): 2.31%
题号: professional_law_210, 正确: False, 检索: 3.5283s, Rerank: 0.0840s, 生成: 2.4368s, 首字: 6.1184s, Rerank占比(总): 1.37%, Rerank占比(检): 2.32%
题号: professional_law_211, 正确: False, 检索: 3.5373s, Rerank: 0.0882s, 生成: 2.5221s, 首字: 6.2177s, Rerank占比(总): 1.42%, Rerank占比(检): 2.43%
题号: professional_law_212, 正确: False, 检索: 3.5868s, Rerank: 0.0896s, 生成: 2.4300s, 首字: 6.1769s, Rerank占比(总): 1.45%, Rerank占比(检): 2.44%
题号: professional_law_213, 正确: False, 检索: 3.5367s, Rerank: 0.0879s, 生成: 2.4475s, 首字: 6.1402s, Rerank占比(总): 1.43%, Rerank占比(检): 2.42%
题号: professional_law_214, 正确: False, 检索: 3.5346s, Rerank: 0.0841s, 生成: 2.4419s, 首字: 6.1306s, Rerank占比(总): 1.37%, Rerank占比(检): 2.32%
题号: professional_law_215, 正确: True, 检索: 3.5298s, Rerank: 0.0867s, 生成: 2.4620s, 首字: 6.1490s, Rerank占比(总): 1.41%, Rerank占比(检): 2.40%
题号: professional_law_216, 正确: False, 检索: 3.5444s, Rerank: 0.0846s, 生成: 2.4510s, 首字: 6.1494s, Rerank占比(总): 1.38%, Rerank占比(检): 2.33%
题号: professional_law_217, 正确: True, 检索: 3.5418s, Rerank: 0.0843s, 生成: 2.4358s, 首字: 6.1306s, Rerank占比(总): 1.38%, Rerank占比(检): 2.33%
题号: professional_law_218, 正确: False, 检索: 3.5426s, Rerank: 0.0849s, 生成: 2.4794s, 首字: 6.1758s, Rerank占比(总): 1.38%, Rerank占比(检): 2.34%
题号: professional_law_219, 正确: False, 检索: 3.5158s, Rerank: 0.0843s, 生成: 2.4272s, 首字: 6.0975s, Rerank占比(总): 1.38%, Rerank占比(检): 2.34%
题号: professional_law_220, 正确: False, 检索: 3.5564s, Rerank: 0.0849s, 生成: 2.4244s, 首字: 6.1359s, Rerank占比(总): 1.38%, Rerank占比(检): 2.33%
题号: professional_law_221, 正确: False, 检索: 3.5435s, Rerank: 0.0846s, 生成: 2.4441s, 首字: 6.1422s, Rerank占比(总): 1.38%, Rerank占比(检): 2.33%
题号: professional_law_222, 正确: True, 检索: 3.5506s, Rerank: 0.0849s, 生成: 2.4473s, 首字: 6.1525s, Rerank占比(总): 1.38%, Rerank占比(检): 2.33%
题号: professional_law_223, 正确: False, 检索: 3.5613s, Rerank: 0.0847s, 生成: 2.4361s, 首字: 6.1520s, Rerank占比(总): 1.38%, Rerank占比(检): 2.32%
题号: professional_law_224, 正确: False, 检索: 3.5313s, Rerank: 0.0854s, 生成: 2.4320s, 首字: 6.1205s, Rerank占比(总): 1.40%, Rerank占比(检): 2.36%
题号: professional_law_225, 正确: False, 检索: 3.5461s, Rerank: 0.0852s, 生成: 2.4816s, 首字: 6.1823s, Rerank占比(总): 1.38%, Rerank占比(检): 2.35%
题号: professional_law_226, 正确: False, 检索: 3.5395s, Rerank: 0.0845s, 生成: 2.4504s, 首字: 6.1436s, Rerank占比(总): 1.38%, Rerank占比(检): 2.33%
题号: professional_law_227, 正确: False, 检索: 3.5592s, Rerank: 0.0927s, 生成: 2.4530s, 首字: 6.1750s, Rerank占比(总): 1.50%, Rerank占比(检): 2.54%
题号: professional_law_228, 正确: True, 检索: 3.5168s, Rerank: 0.0838s, 生成: 2.4420s, 首字: 6.1129s, Rerank占比(总): 1.37%, Rerank占比(检): 2.33%
题号: professional_law_229, 正确: False, 检索: 3.5103s, Rerank: 0.0836s, 生成: 2.4268s, 首字: 6.0902s, Rerank占比(总): 1.37%, Rerank占比(检): 2.33%
题号: professional_law_230, 正确: True, 检索: 3.5095s, Rerank: 0.0843s, 生成: 2.4323s, 首字: 6.0950s, Rerank占比(总): 1.38%, Rerank占比(检): 2.35%
题号: professional_law_231, 正确: True, 检索: 3.5716s, Rerank: 0.0864s, 生成: 2.5359s, 首字: 6.2652s, Rerank占比(总): 1.38%, Rerank占比(检): 2.36%
题号: professional_law_232, 正确: False, 检索: 3.5437s, Rerank: 0.0839s, 生成: 2.4423s, 首字: 6.1401s, Rerank占比(总): 1.37%, Rerank占比(检): 2.31%
题号: professional_law_233, 正确: True, 检索: 3.5250s, Rerank: 0.0848s, 生成: 2.4421s, 首字: 6.1231s, Rerank占比(总): 1.39%, Rerank占比(检): 2.35%
题号: professional_law_234, 正确: False, 检索: 3.5283s, Rerank: 0.0847s, 生成: 2.4426s, 首字: 6.1260s, Rerank占比(总): 1.38%, Rerank占比(检): 2.34%
题号: professional_law_235, 正确: False, 检索: 3.5301s, Rerank: 0.0847s, 生成: 2.4515s, 首字: 6.1355s, Rerank占比(总): 1.38%, Rerank占比(检): 2.34%
题号: professional_law_236, 正确: False, 检索: 3.5282s, Rerank: 0.0836s, 生成: 2.4421s, 首字: 6.1231s, Rerank占比(总): 1.36%, Rerank占比(检): 2.31%
题号: professional_law_237, 正确: False, 检索: 3.5221s, Rerank: 0.0848s, 生成: 2.4297s, 首字: 6.1063s, Rerank占比(总): 1.39%, Rerank占比(检): 2.35%
题号: professional_law_238, 正确: True, 检索: 3.5462s, Rerank: 0.0845s, 生成: 2.4320s, 首字: 6.1331s, Rerank占比(总): 1.38%, Rerank占比(检): 2.33%
题号: professional_law_239, 正确: False, 检索: 3.5335s, Rerank: 0.0850s, 生成: 2.4345s, 首字: 6.1225s, Rerank占比(总): 1.39%, Rerank占比(检): 2.35%
题号: professional_law_240, 正确: False, 检索: 3.5275s, Rerank: 0.0848s, 生成: 2.4373s, 首字: 6.1205s, Rerank占比(总): 1.39%, Rerank占比(检): 2.35%
题号: professional_law_241, 正确: False, 检索: 3.5263s, Rerank: 0.0838s, 生成: 2.4392s, 首字: 6.1184s, Rerank占比(总): 1.37%, Rerank占比(检): 2.32%
题号: professional_law_242, 正确: False, 检索: 3.5205s, Rerank: 0.0844s, 生成: 2.4417s, 首字: 6.1154s, Rerank占比(总): 1.38%, Rerank占比(检): 2.34%
题号: professional_law_243, 正确: False, 检索: 3.5369s, Rerank: 0.0855s, 生成: 2.4375s, 首字: 6.1316s, Rerank占比(总): 1.40%, Rerank占比(检): 2.36%
题号: professional_law_244, 正确: True, 检索: 3.5252s, Rerank: 0.0840s, 生成: 2.4693s, 首字: 6.1480s, Rerank占比(总): 1.37%, Rerank占比(检): 2.33%
题号: professional_law_245, 正确: False, 检索: 3.5142s, Rerank: 0.0865s, 生成: 2.4488s, 首字: 6.1195s, Rerank占比(总): 1.41%, Rerank占比(检): 2.40%
题号: professional_law_246, 正确: False, 检索: 3.5593s, Rerank: 0.0848s, 生成: 2.4252s, 首字: 6.1385s, Rerank占比(总): 1.38%, Rerank占比(检): 2.33%
题号: professional_law_247, 正确: False, 检索: 3.5368s, Rerank: 0.0857s, 生成: 2.4283s, 首字: 6.1220s, Rerank占比(总): 1.40%, Rerank占比(检): 2.37%
题号: professional_law_248, 正确: False, 检索: 3.5478s, Rerank: 0.0835s, 生成: 2.4468s, 首字: 6.1477s, Rerank占比(总): 1.36%, Rerank占比(检): 2.30%
题号: professional_law_249, 正确: False, 检索: 3.5290s, Rerank: 0.0851s, 生成: 2.4465s, 首字: 6.1304s, Rerank占比(总): 1.39%, Rerank占比(检): 2.35%
题号: professional_law_250, 正确: False, 检索: 3.6000s, Rerank: 0.0847s, 生成: 2.4988s, 首字: 6.2537s, Rerank占比(总): 1.35%, Rerank占比(检): 2.30%
题号: professional_law_251, 正确: True, 检索: 3.5738s, Rerank: 0.0844s, 生成: 2.5191s, 首字: 6.2457s, Rerank占比(总): 1.35%, Rerank占比(检): 2.31%
题号: professional_law_252, 正确: False, 检索: 3.5305s, Rerank: 0.0840s, 生成: 2.4471s, 首字: 6.1309s, Rerank占比(总): 1.37%, Rerank占比(检): 2.32%
题号: professional_law_253, 正确: True, 检索: 3.5539s, Rerank: 0.0849s, 生成: 2.4308s, 首字: 6.1399s, Rerank占比(总): 1.38%, Rerank占比(检): 2.33%
题号: professional_law_254, 正确: False, 检索: 3.5480s, Rerank: 0.0844s, 生成: 2.4365s, 首字: 6.1392s, Rerank占比(总): 1.37%, Rerank占比(检): 2.32%
题号: professional_law_255, 正确: False, 检索: 3.5491s, Rerank: 0.0846s, 生成: 2.5134s, 首字: 6.2172s, Rerank占比(总): 1.36%, Rerank占比(检): 2.33%
题号: professional_law_256, 正确: False, 检索: 3.5407s, Rerank: 0.0842s, 生成: 2.4474s, 首字: 6.1421s, Rerank占比(总): 1.37%, Rerank占比(检): 2.32%
题号: professional_law_257, 正确: False, 检索: 3.5426s, Rerank: 0.0850s, 生成: 2.4417s, 首字: 6.1391s, Rerank占比(总): 1.39%, Rerank占比(检): 2.34%
题号: professional_law_258, 正确: False, 检索: 3.5698s, Rerank: 0.0844s, 生成: 2.4542s, 首字: 6.1773s, Rerank占比(总): 1.37%, Rerank占比(检): 2.31%
题号: professional_law_259, 正确: False, 检索: 3.5608s, Rerank: 0.0855s, 生成: 2.4317s, 首字: 6.1482s, Rerank占比(总): 1.39%, Rerank占比(检): 2.35%
题号: professional_law_260, 正确: False, 检索: 3.5678s, Rerank: 0.0843s, 生成: 2.4246s, 首字: 6.1475s, Rerank占比(总): 1.37%, Rerank占比(检): 2.31%
题号: professional_law_261, 正确: True, 检索: 3.5579s, Rerank: 0.0846s, 生成: 2.4751s, 首字: 6.1866s, Rerank占比(总): 1.37%, Rerank占比(检): 2.32%
题号: professional_law_262, 正确: True, 检索: 3.5802s, Rerank: 0.0845s, 生成: 2.4313s, 首字: 6.1661s, Rerank占比(总): 1.37%, Rerank占比(检): 2.31%
题号: professional_law_263, 正确: False, 检索: 3.5609s, Rerank: 0.0842s, 生成: 2.4330s, 首字: 6.1479s, Rerank占比(总): 1.37%, Rerank占比(检): 2.31%
题号: professional_law_264, 正确: False, 检索: 3.5603s, Rerank: 0.0839s, 生成: 2.4329s, 首字: 6.1471s, Rerank占比(总): 1.36%, Rerank占比(检): 2.30%
题号: professional_law_265, 正确: False, 检索: 3.5603s, Rerank: 0.0839s, 生成: 2.4340s, 首字: 6.1472s, Rerank占比(总): 1.37%, Rerank占比(检): 2.30%
题号: professional_law_266, 正确: False, 检索: 3.5431s, Rerank: 0.0845s, 生成: 2.4263s, 首字: 6.1241s, Rerank占比(总): 1.38%, Rerank占比(检): 2.33%
题号: professional_law_267, 正确: False, 检索: 3.5566s, Rerank: 0.0845s, 生成: 2.4566s, 首字: 6.1678s, Rerank占比(总): 1.37%, Rerank占比(检): 2.32%
题号: professional_law_268, 正确: False, 检索: 3.5577s, Rerank: 0.0844s, 生成: 2.4536s, 首字: 6.1654s, Rerank占比(总): 1.37%, Rerank占比(检): 2.32%
题号: professional_law_269, 正确: False, 检索: 3.5553s, Rerank: 0.0880s, 生成: 2.4400s, 首字: 6.1522s, Rerank占比(总): 1.43%, Rerank占比(检): 2.42%
题号: professional_law_270, 正确: False, 检索: 3.5622s, Rerank: 0.0842s, 生成: 2.4369s, 首字: 6.1525s, Rerank占比(总): 1.37%, Rerank占比(检): 2.31%
题号: professional_law_271, 正确: False, 检索: 3.5327s, Rerank: 0.0830s, 生成: 2.4280s, 首字: 6.1149s, Rerank占比(总): 1.36%, Rerank占比(检): 2.30%
题号: professional_law_272, 正确: False, 检索: 3.5418s, Rerank: 0.0845s, 生成: 2.4232s, 首字: 6.1194s, Rerank占比(总): 1.38%, Rerank占比(检): 2.33%
题号: professional_law_273, 正确: False, 检索: 3.5387s, Rerank: 0.0844s, 生成: 2.4210s, 首字: 6.1146s, Rerank占比(总): 1.38%, Rerank占比(检): 2.33%
题号: professional_law_274, 正确: False, 检索: 3.5417s, Rerank: 0.0855s, 生成: 2.4328s, 首字: 6.1308s, Rerank占比(总): 1.39%, Rerank占比(检): 2.36%
题号: professional_law_275, 正确: True, 检索: 3.5528s, Rerank: 0.0849s, 生成: 2.4250s, 首字: 6.1320s, Rerank占比(总): 1.38%, Rerank占比(检): 2.33%
题号: professional_law_276, 正确: False, 检索: 3.5744s, Rerank: 0.0841s, 生成: 2.4308s, 首字: 6.1596s, Rerank占比(总): 1.37%, Rerank占比(检): 2.30%
题号: professional_law_277, 正确: False, 检索: 3.5131s, Rerank: 0.0844s, 生成: 2.4265s, 首字: 6.0945s, Rerank占比(总): 1.38%, Rerank占比(检): 2.35%
题号: professional_law_278, 正确: False, 检索: 3.5034s, Rerank: 0.0839s, 生成: 2.4312s, 首字: 6.0883s, Rerank占比(总): 1.38%, Rerank占比(检): 2.34%
题号: professional_law_279, 正确: False, 检索: 3.4998s, Rerank: 0.0845s, 生成: 2.4407s, 首字: 6.0962s, Rerank占比(总): 1.39%, Rerank占比(检): 2.36%
题号: professional_law_280, 正确: False, 检索: 3.4913s, Rerank: 0.0842s, 生成: 2.4288s, 首字: 6.0740s, Rerank占比(总): 1.39%, Rerank占比(检): 2.35%
题号: professional_law_281, 正确: False, 检索: 3.5047s, Rerank: 0.0845s, 生成: 2.4374s, 首字: 6.1002s, Rerank占比(总): 1.39%, Rerank占比(检): 2.36%
题号: professional_law_282, 正确: False, 检索: 3.4855s, Rerank: 0.0843s, 生成: 2.4315s, 首字: 6.0714s, Rerank占比(总): 1.39%, Rerank占比(检): 2.36%
题号: professional_law_283, 正确: False, 检索: 3.5010s, Rerank: 0.0845s, 生成: 2.4386s, 首字: 6.0939s, Rerank占比(总): 1.39%, Rerank占比(检): 2.36%
题号: professional_law_284, 正确: True, 检索: 3.4910s, Rerank: 0.0838s, 生成: 2.4245s, 首字: 6.0694s, Rerank占比(总): 1.38%, Rerank占比(检): 2.34%
题号: professional_law_285, 正确: False, 检索: 3.4889s, Rerank: 0.0837s, 生成: 2.4324s, 首字: 6.0749s, Rerank占比(总): 1.38%, Rerank占比(检): 2.34%
题号: professional_law_286, 正确: False, 检索: 3.4858s, Rerank: 0.0843s, 生成: 2.4356s, 首字: 6.0754s, Rerank占比(总): 1.39%, Rerank占比(检): 2.36%
题号: professional_law_287, 正确: False, 检索: 3.5112s, Rerank: 0.0845s, 生成: 2.4385s, 首字: 6.1039s, Rerank占比(总): 1.38%, Rerank占比(检): 2.35%
题号: professional_law_288, 正确: False, 检索: 3.5231s, Rerank: 0.0850s, 生成: 2.4345s, 首字: 6.1126s, Rerank占比(总): 1.39%, Rerank占比(检): 2.36%
题号: professional_law_289, 正确: True, 检索: 3.5127s, Rerank: 0.0843s, 生成: 2.4502s, 首字: 6.1182s, Rerank占比(总): 1.38%, Rerank占比(检): 2.34%
题号: professional_law_290, 正确: False, 检索: 3.5395s, Rerank: 0.0852s, 生成: 2.5080s, 首字: 6.2034s, Rerank占比(总): 1.37%, Rerank占比(检): 2.35%
题号: professional_law_291, 正确: True, 检索: 3.5425s, Rerank: 0.0859s, 生成: 2.4426s, 首字: 6.1408s, Rerank占比(总): 1.40%, Rerank占比(检): 2.37%
题号: professional_law_292, 正确: True, 检索: 3.5157s, Rerank: 0.0857s, 生成: 2.4963s, 首字: 6.1741s, Rerank占比(总): 1.39%, Rerank占比(检): 2.38%
题号: professional_law_293, 正确: True, 检索: 3.5506s, Rerank: 0.0887s, 生成: 2.5337s, 首字: 6.2438s, Rerank占比(总): 1.42%, Rerank占比(检): 2.44%
题号: professional_law_294, 正确: True, 检索: 3.4929s, Rerank: 0.0831s, 生成: 2.4382s, 首字: 6.0837s, Rerank占比(总): 1.37%, Rerank占比(检): 2.32%
题号: professional_law_295, 正确: False, 检索: 3.4922s, Rerank: 0.0834s, 生成: 2.4385s, 首字: 6.0838s, Rerank占比(总): 1.37%, Rerank占比(检): 2.33%
题号: professional_law_296, 正确: False, 检索: 3.4965s, Rerank: 0.0833s, 生成: 2.4393s, 首字: 6.0885s, Rerank占比(总): 1.37%, Rerank占比(检): 2.33%
题号: professional_law_297, 正确: True, 检索: 3.5234s, Rerank: 0.0846s, 生成: 2.4752s, 首字: 6.1528s, Rerank占比(总): 1.38%, Rerank占比(检): 2.35%
题号: professional_law_298, 正确: False, 检索: 3.5150s, Rerank: 0.0844s, 生成: 2.4310s, 首字: 6.1002s, Rerank占比(总): 1.38%, Rerank占比(检): 2.35%
题号: professional_law_299, 正确: False, 检索: 3.4975s, Rerank: 0.0833s, 生成: 2.4348s, 首字: 6.0862s, Rerank占比(总): 1.37%, Rerank占比(检): 2.33%
题号: professional_law_300, 正确: False, 检索: 3.5303s, Rerank: 0.0839s, 生成: 2.4484s, 首字: 6.1316s, Rerank占比(总): 1.37%, Rerank占比(检): 2.32%
题号: professional_law_301, 正确: False, 检索: 3.5184s, Rerank: 0.0853s, 生成: 2.4624s, 首字: 6.1351s, Rerank占比(总): 1.39%, Rerank占比(检): 2.37%
题号: professional_law_302, 正确: False, 检索: 3.5406s, Rerank: 0.0848s, 生成: 2.4605s, 首字: 6.1564s, Rerank占比(总): 1.38%, Rerank占比(检): 2.34%
题号: professional_law_303, 正确: False, 检索: 3.5325s, Rerank: 0.0865s, 生成: 2.4516s, 首字: 6.1401s, Rerank占比(总): 1.41%, Rerank占比(检): 2.39%
题号: professional_law_304, 正确: False, 检索: 3.5263s, Rerank: 0.0859s, 生成: 2.4539s, 首字: 6.1354s, Rerank占比(总): 1.40%, Rerank占比(检): 2.38%
题号: professional_law_305, 正确: True, 检索: 3.5319s, Rerank: 0.0856s, 生成: 2.4607s, 首字: 6.1487s, Rerank占比(总): 1.39%, Rerank占比(检): 2.37%
题号: professional_law_306, 正确: False, 检索: 3.5323s, Rerank: 0.0857s, 生成: 2.4678s, 首字: 6.1558s, Rerank占比(总): 1.39%, Rerank占比(检): 2.37%
题号: professional_law_307, 正确: False, 检索: 3.5389s, Rerank: 0.0872s, 生成: 2.4489s, 首字: 6.1450s, Rerank占比(总): 1.42%, Rerank占比(检): 2.40%
题号: professional_law_308, 正确: False, 检索: 3.4994s, Rerank: 0.0854s, 生成: 2.4496s, 首字: 6.1056s, Rerank占比(总): 1.40%, Rerank占比(检): 2.38%
题号: professional_law_309, 正确: False, 检索: 3.4974s, Rerank: 0.0838s, 生成: 2.4443s, 首字: 6.0954s, Rerank占比(总): 1.37%, Rerank占比(检): 2.34%
题号: professional_law_310, 正确: True, 检索: 3.5677s, Rerank: 0.0847s, 生成: 2.4335s, 首字: 6.1557s, Rerank占比(总): 1.38%, Rerank占比(检): 2.32%
题号: professional_law_311, 正确: True, 检索: 3.6452s, Rerank: 0.0851s, 生成: 2.4347s, 首字: 6.2371s, Rerank占比(总): 1.36%, Rerank占比(检): 2.28%
题号: professional_law_312, 正确: False, 检索: 3.6454s, Rerank: 0.0854s, 生成: 2.4524s, 首字: 6.2541s, Rerank占比(总): 1.37%, Rerank占比(检): 2.29%
题号: professional_law_313, 正确: False, 检索: 3.6303s, Rerank: 0.0853s, 生成: 2.4491s, 首字: 6.2362s, Rerank占比(总): 1.37%, Rerank占比(检): 2.30%
题号: professional_law_314, 正确: False, 检索: 3.6353s, Rerank: 0.0849s, 生成: 2.4346s, 首字: 6.2252s, Rerank占比(总): 1.36%, Rerank占比(检): 2.28%
题号: professional_law_315, 正确: True, 检索: 3.6158s, Rerank: 0.0842s, 生成: 2.4286s, 首字: 6.1974s, Rerank占比(总): 1.36%, Rerank占比(检): 2.28%
题号: professional_law_316, 正确: True, 检索: 3.6417s, Rerank: 0.0862s, 生成: 2.4486s, 首字: 6.2456s, Rerank占比(总): 1.38%, Rerank占比(检): 2.31%
题号: professional_law_317, 正确: True, 检索: 3.6545s, Rerank: 0.0851s, 生成: 2.4562s, 首字: 6.2672s, Rerank占比(总): 1.36%, Rerank占比(检): 2.28%
题号: professional_law_318, 正确: False, 检索: 3.6246s, Rerank: 0.0849s, 生成: 2.4421s, 首字: 6.2211s, Rerank占比(总): 1.36%, Rerank占比(检): 2.29%
题号: professional_law_319, 正确: False, 检索: 3.6213s, Rerank: 0.0865s, 生成: 2.4540s, 首字: 6.2325s, Rerank占比(总): 1.39%, Rerank占比(检): 2.33%
题号: professional_law_320, 正确: False, 检索: 3.6047s, Rerank: 0.0841s, 生成: 2.4218s, 首字: 6.1806s, Rerank占比(总): 1.36%, Rerank占比(检): 2.28%
题号: professional_law_321, 正确: True, 检索: 3.6009s, Rerank: 0.0867s, 生成: 2.5360s, 首字: 6.3066s, Rerank占比(总): 1.38%, Rerank占比(检): 2.35%
题号: professional_law_322, 正确: False, 检索: 3.7490s, Rerank: 0.0861s, 生成: 2.4997s, 首字: 6.4112s, Rerank占比(总): 1.34%, Rerank占比(检): 2.25%
题号: professional_law_323, 正确: False, 检索: 3.6077s, Rerank: 0.0844s, 生成: 2.4368s, 首字: 6.2026s, Rerank占比(总): 1.36%, Rerank占比(检): 2.29%
题号: professional_law_324, 正确: True, 检索: 3.6101s, Rerank: 0.0858s, 生成: 2.5708s, 首字: 6.3390s, Rerank占比(总): 1.35%, Rerank占比(检): 2.32%
题号: professional_law_325, 正确: False, 检索: 3.7417s, Rerank: 0.0885s, 生成: 2.5556s, 首字: 6.4567s, Rerank占比(总): 1.37%, Rerank占比(检): 2.31%
题号: professional_law_326, 正确: False, 检索: 3.6935s, Rerank: 0.0855s, 生成: 2.4752s, 首字: 6.3256s, Rerank占比(总): 1.35%, Rerank占比(检): 2.26%
题号: professional_law_327, 正确: False, 检索: 3.7010s, Rerank: 0.0851s, 生成: 2.4736s, 首字: 6.3296s, Rerank占比(总): 1.34%, Rerank占比(检): 2.25%
题号: professional_law_328, 正确: False, 检索: 3.6780s, Rerank: 0.0896s, 生成: 2.5998s, 首字: 6.4389s, Rerank占比(总): 1.39%, Rerank占比(检): 2.38%
题号: professional_law_329, 正确: False, 检索: 3.6064s, Rerank: 0.0837s, 生成: 2.4304s, 首字: 6.1903s, Rerank占比(总): 1.35%, Rerank占比(检): 2.27%
题号: professional_law_330, 正确: False, 检索: 3.5751s, Rerank: 0.0845s, 生成: 2.4441s, 首字: 6.1734s, Rerank占比(总): 1.37%, Rerank占比(检): 2.31%
题号: professional_law_331, 正确: False, 检索: 3.6067s, Rerank: 0.0837s, 生成: 2.4542s, 首字: 6.2160s, Rerank占比(总): 1.35%, Rerank占比(检): 2.27%
题号: professional_law_332, 正确: False, 检索: 3.6481s, Rerank: 0.0856s, 生成: 2.4884s, 首字: 6.2925s, Rerank占比(总): 1.36%, Rerank占比(检): 2.29%
题号: professional_law_333, 正确: True, 检索: 3.6873s, Rerank: 0.0861s, 生成: 2.4521s, 首字: 6.2952s, Rerank占比(总): 1.37%, Rerank占比(检): 2.28%
题号: professional_law_334, 正确: True, 检索: 3.6207s, Rerank: 0.0852s, 生成: 2.4326s, 首字: 6.2099s, Rerank占比(总): 1.37%, Rerank占比(检): 2.30%
题号: professional_law_335, 正确: False, 检索: 3.6181s, Rerank: 0.0859s, 生成: 2.4679s, 首字: 6.2436s, Rerank占比(总): 1.38%, Rerank占比(检): 2.32%
题号: professional_law_336, 正确: False, 检索: 3.6001s, Rerank: 0.0838s, 生成: 2.4252s, 首字: 6.1804s, Rerank占比(总): 1.36%, Rerank占比(检): 2.27%
题号: professional_law_337, 正确: False, 检索: 3.6119s, Rerank: 0.0844s, 生成: 2.4295s, 首字: 6.1962s, Rerank占比(总): 1.36%, Rerank占比(检): 2.28%
题号: professional_law_338, 正确: True, 检索: 4.3608s, Rerank: 0.0885s, 生成: 2.5453s, 首字: 7.0677s, Rerank占比(总): 1.25%, Rerank占比(检): 1.99%
题号: professional_law_339, 正确: True, 检索: 4.7748s, Rerank: 0.0891s, 生成: 2.5469s, 首字: 7.4840s, Rerank占比(总): 1.19%, Rerank占比(检): 1.83%
题号: professional_law_340, 正确: True, 检索: 4.7443s, Rerank: 0.0887s, 生成: 2.5426s, 首字: 7.4511s, Rerank占比(总): 1.19%, Rerank占比(检): 1.83%
题号: professional_law_341, 正确: False, 检索: 4.7434s, Rerank: 0.0883s, 生成: 2.5488s, 首字: 7.4566s, Rerank占比(总): 1.18%, Rerank占比(检): 1.83%
题号: professional_law_342, 正确: False, 检索: 4.7704s, Rerank: 0.0889s, 生成: 2.5847s, 首字: 7.5183s, Rerank占比(总): 1.18%, Rerank占比(检): 1.83%
题号: professional_law_343, 正确: True, 检索: 4.7913s, Rerank: 0.0882s, 生成: 2.5551s, 首字: 7.5058s, Rerank占比(总): 1.17%, Rerank占比(检): 1.81%
题号: professional_law_344, 正确: True, 检索: 4.7773s, Rerank: 0.0882s, 生成: 2.5571s, 首字: 7.4991s, Rerank占比(总): 1.18%, Rerank占比(检): 1.81%
题号: professional_law_345, 正确: False, 检索: 4.7627s, Rerank: 0.0881s, 生成: 2.5351s, 首字: 7.4599s, Rerank占比(总): 1.18%, Rerank占比(检): 1.82%
题号: professional_law_346, 正确: False, 检索: 4.5673s, Rerank: 0.0877s, 生成: 2.5181s, 首字: 7.2462s, Rerank占比(总): 1.21%, Rerank占比(检): 1.88%
题号: professional_law_347, 正确: False, 检索: 4.7454s, Rerank: 0.0865s, 生成: 2.5245s, 首字: 7.4293s, Rerank占比(总): 1.16%, Rerank占比(检): 1.79%
题号: professional_law_348, 正确: False, 检索: 4.7472s, Rerank: 0.0921s, 生成: 2.5182s, 首字: 7.4297s, Rerank占比(总): 1.24%, Rerank占比(检): 1.90%
题号: professional_law_349, 正确: False, 检索: 3.6600s, Rerank: 0.0849s, 生成: 2.4408s, 首字: 6.2583s, Rerank占比(总): 1.36%, Rerank占比(检): 2.27%
题号: professional_law_350, 正确: False, 检索: 3.5946s, Rerank: 0.0849s, 生成: 2.4438s, 首字: 6.1938s, Rerank占比(总): 1.37%, Rerank占比(检): 2.31%
题号: professional_law_351, 正确: False, 检索: 3.5942s, Rerank: 0.0850s, 生成: 2.4403s, 首字: 6.1896s, Rerank占比(总): 1.37%, Rerank占比(检): 2.31%
题号: professional_law_352, 正确: False, 检索: 3.6087s, Rerank: 0.0845s, 生成: 2.4399s, 首字: 6.2039s, Rerank占比(总): 1.36%, Rerank占比(检): 2.29%
题号: professional_law_353, 正确: False, 检索: 3.6273s, Rerank: 0.0844s, 生成: 2.4331s, 首字: 6.2155s, Rerank占比(总): 1.36%, Rerank占比(检): 2.27%
题号: professional_law_354, 正确: True, 检索: 3.6464s, Rerank: 0.0841s, 生成: 2.4436s, 首字: 6.2445s, Rerank占比(总): 1.35%, Rerank占比(检): 2.25%
题号: professional_law_355, 正确: False, 检索: 3.7014s, Rerank: 0.0886s, 生成: 2.5021s, 首字: 6.3626s, Rerank占比(总): 1.39%, Rerank占比(检): 2.34%
题号: professional_law_356, 正确: False, 检索: 3.6891s, Rerank: 0.0887s, 生成: 2.5283s, 首字: 6.3776s, Rerank占比(总): 1.39%, Rerank占比(检): 2.35%
题号: professional_law_357, 正确: False, 检索: 3.6903s, Rerank: 0.0851s, 生成: 2.4751s, 首字: 6.3210s, Rerank占比(总): 1.35%, Rerank占比(检): 2.25%
题号: professional_law_358, 正确: False, 检索: 3.6851s, Rerank: 0.0863s, 生成: 2.4809s, 首字: 6.3228s, Rerank占比(总): 1.37%, Rerank占比(检): 2.29%
题号: professional_law_359, 正确: False, 检索: 3.6349s, Rerank: 0.0865s, 生成: 2.5011s, 首字: 6.2927s, Rerank占比(总): 1.37%, Rerank占比(检): 2.32%
题号: professional_law_360, 正确: False, 检索: 3.7057s, Rerank: 0.0871s, 生成: 2.5013s, 首字: 6.3632s, Rerank占比(总): 1.37%, Rerank占比(检): 2.30%
题号: professional_law_361, 正确: False, 检索: 3.6532s, Rerank: 0.0852s, 生成: 2.4341s, 首字: 6.2427s, Rerank占比(总): 1.37%, Rerank占比(检): 2.28%
题号: professional_law_362, 正确: False, 检索: 3.6394s, Rerank: 0.0841s, 生成: 2.4375s, 首字: 6.2316s, Rerank占比(总): 1.35%, Rerank占比(检): 2.26%
题号: professional_law_363, 正确: False, 检索: 3.7283s, Rerank: 0.0896s, 生成: 2.5126s, 首字: 6.4033s, Rerank占比(总): 1.40%, Rerank占比(检): 2.35%
题号: professional_law_364, 正确: False, 检索: 3.7020s, Rerank: 0.0868s, 生成: 2.4914s, 首字: 6.3510s, Rerank占比(总): 1.37%, Rerank占比(检): 2.29%
题号: professional_law_365, 正确: False, 检索: 3.7219s, Rerank: 0.0848s, 生成: 2.5237s, 首字: 6.4008s, Rerank占比(总): 1.32%, Rerank占比(检): 2.23%
题号: professional_law_366, 正确: False, 检索: 3.6765s, Rerank: 0.0883s, 生成: 2.5586s, 首字: 6.3937s, Rerank占比(总): 1.38%, Rerank占比(检): 2.35%
题号: professional_law_367, 正确: True, 检索: 3.7143s, Rerank: 0.0905s, 生成: 2.5420s, 首字: 6.4187s, Rerank占比(总): 1.41%, Rerank占比(检): 2.38%
题号: professional_law_368, 正确: True, 检索: 3.7455s, Rerank: 0.0907s, 生成: 2.5523s, 首字: 6.4608s, Rerank占比(总): 1.40%, Rerank占比(检): 2.36%
题号: professional_law_369, 正确: False, 检索: 3.6711s, Rerank: 0.0844s, 生成: 2.4471s, 首字: 6.2722s, Rerank占比(总): 1.35%, Rerank占比(检): 2.25%
题号: professional_law_370, 正确: False, 检索: 3.6521s, Rerank: 0.0846s, 生成: 2.5598s, 首字: 6.3660s, Rerank占比(总): 1.33%, Rerank占比(检): 2.26%
题号: professional_law_371, 正确: False, 检索: 3.6079s, Rerank: 0.0880s, 生成: 2.4856s, 首字: 6.2520s, Rerank占比(总): 1.41%, Rerank占比(检): 2.38%
题号: professional_law_372, 正确: True, 检索: 3.6377s, Rerank: 0.0888s, 生成: 2.4943s, 首字: 6.2927s, Rerank占比(总): 1.41%, Rerank占比(检): 2.38%
题号: professional_law_373, 正确: False, 检索: 3.6293s, Rerank: 0.0899s, 生成: 2.5666s, 首字: 6.3574s, Rerank占比(总): 1.41%, Rerank占比(检): 2.42%
题号: professional_law_374, 正确: False, 检索: 3.6708s, Rerank: 0.0867s, 生成: 2.5591s, 首字: 6.3882s, Rerank占比(总): 1.36%, Rerank占比(检): 2.31%
题号: professional_law_375, 正确: False, 检索: 3.7115s, Rerank: 0.0856s, 生成: 2.4518s, 首字: 6.3176s, Rerank占比(总): 1.35%, Rerank占比(检): 2.25%
题号: professional_law_376, 正确: True, 检索: 3.7699s, Rerank: 0.0872s, 生成: 2.5183s, 首字: 6.4467s, Rerank占比(总): 1.35%, Rerank占比(检): 2.26%
题号: professional_law_377, 正确: False, 检索: 3.7828s, Rerank: 0.0879s, 生成: 2.5019s, 首字: 6.4455s, Rerank占比(总): 1.36%, Rerank占比(检): 2.27%
题号: professional_law_378, 正确: True, 检索: 3.7326s, Rerank: 0.0866s, 生成: 2.5288s, 首字: 6.4187s, Rerank占比(总): 1.35%, Rerank占比(检): 2.27%
题号: professional_law_379, 正确: False, 检索: 3.6602s, Rerank: 0.0853s, 生成: 2.4714s, 首字: 6.2863s, Rerank占比(总): 1.36%, Rerank占比(检): 2.28%
题号: professional_law_380, 正确: False, 检索: 3.6522s, Rerank: 0.0837s, 生成: 2.4266s, 首字: 6.2318s, Rerank占比(总): 1.34%, Rerank占比(检): 2.24%
题号: professional_law_381, 正确: False, 检索: 3.6314s, Rerank: 0.0836s, 生成: 2.4285s, 首字: 6.2140s, Rerank占比(总): 1.34%, Rerank占比(检): 2.25%
题号: professional_law_382, 正确: False, 检索: 3.6381s, Rerank: 0.0845s, 生成: 2.4282s, 首字: 6.2213s, Rerank占比(总): 1.36%, Rerank占比(检): 2.27%
题号: professional_law_383, 正确: True, 检索: 3.6265s, Rerank: 0.0846s, 生成: 2.4250s, 首字: 6.2065s, Rerank占比(总): 1.36%, Rerank占比(检): 2.28%
题号: professional_law_384, 正确: False, 检索: 3.6000s, Rerank: 0.0841s, 生成: 2.4231s, 首字: 6.1765s, Rerank占比(总): 1.36%, Rerank占比(检): 2.28%
题号: professional_law_385, 正确: False, 检索: 3.6211s, Rerank: 0.0840s, 生成: 2.4632s, 首字: 6.2399s, Rerank占比(总): 1.35%, Rerank占比(检): 2.27%
题号: professional_law_386, 正确: False, 检索: 3.6348s, Rerank: 0.0844s, 生成: 2.4246s, 首字: 6.2138s, Rerank占比(总): 1.36%, Rerank占比(检): 2.27%
题号: professional_law_387, 正确: False, 检索: 3.6370s, Rerank: 0.0845s, 生成: 2.4260s, 首字: 6.2180s, Rerank占比(总): 1.36%, Rerank占比(检): 2.27%
题号: professional_law_388, 正确: False, 检索: 3.6326s, Rerank: 0.0908s, 生成: 2.5639s, 首字: 6.3573s, Rerank占比(总): 1.43%, Rerank占比(检): 2.44%
题号: professional_law_389, 正确: False, 检索: 3.6796s, Rerank: 0.0840s, 生成: 2.4466s, 首字: 6.2803s, Rerank占比(总): 1.34%, Rerank占比(检): 2.23%
题号: professional_law_390, 正确: False, 检索: 3.6376s, Rerank: 0.0841s, 生成: 2.4324s, 首字: 6.2254s, Rerank占比(总): 1.35%, Rerank占比(检): 2.26%
题号: professional_law_391, 正确: False, 检索: 3.6074s, Rerank: 0.0836s, 生成: 2.4350s, 首字: 6.1952s, Rerank占比(总): 1.35%, Rerank占比(检): 2.27%
题号: professional_law_392, 正确: False, 检索: 3.6120s, Rerank: 0.0837s, 生成: 2.4312s, 首字: 6.1975s, Rerank占比(总): 1.35%, Rerank占比(检): 2.26%
题号: professional_law_393, 正确: False, 检索: 3.5939s, Rerank: 0.0839s, 生成: 2.4385s, 首字: 6.1875s, Rerank占比(总): 1.36%, Rerank占比(检): 2.28%
题号: professional_law_394, 正确: False, 检索: 3.6091s, Rerank: 0.0835s, 生成: 2.4275s, 首字: 6.1911s, Rerank占比(总): 1.35%, Rerank占比(检): 2.26%
题号: professional_law_395, 正确: False, 检索: 3.6334s, Rerank: 0.0840s, 生成: 2.4304s, 首字: 6.2181s, Rerank占比(总): 1.35%, Rerank占比(检): 2.26%
题号: professional_law_396, 正确: True, 检索: 4.6041s, Rerank: 0.0868s, 生成: 2.5060s, 首字: 7.2699s, Rerank占比(总): 1.19%, Rerank占比(检): 1.85%
题号: professional_law_397, 正确: True, 检索: 4.7136s, Rerank: 0.0868s, 生成: 2.5127s, 首字: 7.3858s, Rerank占比(总): 1.17%, Rerank占比(检): 1.81%
题号: professional_law_398, 正确: False, 检索: 4.7471s, Rerank: 0.0878s, 生成: 2.5220s, 首字: 7.4288s, Rerank占比(总): 1.18%, Rerank占比(检): 1.82%
题号: professional_law_399, 正确: True, 检索: 4.7136s, Rerank: 0.0985s, 生成: 2.5178s, 首字: 7.4115s, Rerank占比(总): 1.33%, Rerank占比(检): 2.05%

📊 数据集 professional_law 评测完成，统计结果如下：
 🟢 总正确率: 0.2550 (102/400)
 ⏱️ 平均每题 Rerank 耗时: 0.0859 秒
 ⏱️ 平均每题 首字延迟: 6.4523 秒
 📊 平均 Rerank耗时/总耗时比值: 0.0134
 📊 平均 Rerank耗时/检索耗时比值: 0.0222
 📉 重排耗时方差 (Variance): 0.000035 (s²)
 📏 重排耗时标准差 (Std): 0.005890 (s)

==================== 正在评测数据集: moral_scenarios ====================
✅ 选取了 400 道题目 (数据集共 400 道)
题号: moral_scenarios_0, 正确: False, 检索: 4.6825s, Rerank: 0.0875s, 生成: 2.5128s, 首字: 7.3542s, Rerank占比(总): 1.19%, Rerank占比(检): 1.83%
题号: moral_scenarios_1, 正确: False, 检索: 4.6966s, Rerank: 0.0861s, 生成: 2.5143s, 首字: 7.3686s, Rerank占比(总): 1.17%, Rerank占比(检): 1.80%
题号: moral_scenarios_2, 正确: False, 检索: 4.6953s, Rerank: 0.0870s, 生成: 2.5142s, 首字: 7.3702s, Rerank占比(总): 1.18%, Rerank占比(检): 1.82%
题号: moral_scenarios_3, 正确: False, 检索: 4.7329s, Rerank: 0.0869s, 生成: 2.5167s, 首字: 7.4074s, Rerank占比(总): 1.17%, Rerank占比(检): 1.80%
题号: moral_scenarios_4, 正确: False, 检索: 4.7319s, Rerank: 0.0874s, 生成: 2.5099s, 首字: 7.4006s, Rerank占比(总): 1.18%, Rerank占比(检): 1.81%
题号: moral_scenarios_5, 正确: False, 检索: 4.7219s, Rerank: 0.0868s, 生成: 2.5213s, 首字: 7.4023s, Rerank占比(总): 1.17%, Rerank占比(检): 1.80%
题号: moral_scenarios_6, 正确: False, 检索: 4.7102s, Rerank: 0.0871s, 生成: 2.5315s, 首字: 7.4003s, Rerank占比(总): 1.18%, Rerank占比(检): 1.82%
题号: moral_scenarios_7, 正确: False, 检索: 4.6896s, Rerank: 0.0879s, 生成: 2.5174s, 首字: 7.3655s, Rerank占比(总): 1.19%, Rerank占比(检): 1.84%
题号: moral_scenarios_8, 正确: False, 检索: 4.6555s, Rerank: 0.0863s, 生成: 2.5150s, 首字: 7.3293s, Rerank占比(总): 1.18%, Rerank占比(检): 1.82%
题号: moral_scenarios_9, 正确: False, 检索: 4.7164s, Rerank: 0.0870s, 生成: 2.5179s, 首字: 7.3917s, Rerank占比(总): 1.18%, Rerank占比(检): 1.81%
题号: moral_scenarios_10, 正确: False, 检索: 4.6570s, Rerank: 0.0842s, 生成: 2.4599s, 首字: 7.2712s, Rerank占比(总): 1.16%, Rerank占比(检): 1.78%
题号: moral_scenarios_11, 正确: True, 检索: 3.6132s, Rerank: 0.0837s, 生成: 2.4301s, 首字: 6.1967s, Rerank占比(总): 1.35%, Rerank占比(检): 2.26%
题号: moral_scenarios_12, 正确: False, 检索: 3.5857s, Rerank: 0.0835s, 生成: 2.4331s, 首字: 6.1723s, Rerank占比(总): 1.35%, Rerank占比(检): 2.27%
题号: moral_scenarios_13, 正确: True, 检索: 3.5900s, Rerank: 0.0838s, 生成: 2.4357s, 首字: 6.1790s, Rerank占比(总): 1.36%, Rerank占比(检): 2.28%
题号: moral_scenarios_14, 正确: False, 检索: 3.6308s, Rerank: 0.0838s, 生成: 2.4328s, 首字: 6.2165s, Rerank占比(总): 1.35%, Rerank占比(检): 2.26%
题号: moral_scenarios_15, 正确: False, 检索: 3.6442s, Rerank: 0.0839s, 生成: 2.4361s, 首字: 6.2332s, Rerank占比(总): 1.35%, Rerank占比(检): 2.25%
题号: moral_scenarios_16, 正确: False, 检索: 3.6389s, Rerank: 0.0837s, 生成: 2.4310s, 首字: 6.2231s, Rerank占比(总): 1.34%, Rerank占比(检): 2.25%
题号: moral_scenarios_17, 正确: False, 检索: 3.7067s, Rerank: 0.0857s, 生成: 2.4509s, 首字: 6.3130s, Rerank占比(总): 1.36%, Rerank占比(检): 2.26%
题号: moral_scenarios_18, 正确: False, 检索: 3.6243s, Rerank: 0.0835s, 生成: 2.4299s, 首字: 6.2068s, Rerank占比(总): 1.35%, Rerank占比(检): 2.25%
题号: moral_scenarios_19, 正确: True, 检索: 3.6153s, Rerank: 0.0836s, 生成: 2.4283s, 首字: 6.1971s, Rerank占比(总): 1.35%, Rerank占比(检): 2.26%
题号: moral_scenarios_20, 正确: False, 检索: 3.6123s, Rerank: 0.0835s, 生成: 2.4281s, 首字: 6.1927s, Rerank占比(总): 1.35%, Rerank占比(检): 2.26%
题号: moral_scenarios_21, 正确: True, 检索: 3.6210s, Rerank: 0.0833s, 生成: 2.4290s, 首字: 6.2025s, Rerank占比(总): 1.34%, Rerank占比(检): 2.25%
题号: moral_scenarios_22, 正确: False, 检索: 4.5976s, Rerank: 0.0898s, 生成: 2.5679s, 首字: 7.3338s, Rerank占比(总): 1.22%, Rerank占比(检): 1.92%
题号: moral_scenarios_23, 正确: True, 检索: 4.7921s, Rerank: 0.0877s, 生成: 2.6064s, 首字: 7.5596s, Rerank占比(总): 1.16%, Rerank占比(检): 1.80%
题号: moral_scenarios_24, 正确: True, 检索: 4.8952s, Rerank: 0.0871s, 生成: 2.5601s, 首字: 7.6143s, Rerank占比(总): 1.14%, Rerank占比(检): 1.75%
题号: moral_scenarios_25, 正确: False, 检索: 3.6275s, Rerank: 0.0867s, 生成: 2.5129s, 首字: 6.2968s, Rerank占比(总): 1.38%, Rerank占比(检): 2.33%
题号: moral_scenarios_26, 正确: False, 检索: 3.6069s, Rerank: 0.0840s, 生成: 2.4348s, 首字: 6.1949s, Rerank占比(总): 1.36%, Rerank占比(检): 2.28%
题号: moral_scenarios_27, 正确: False, 检索: 3.6155s, Rerank: 0.0840s, 生成: 2.4321s, 首字: 6.2002s, Rerank占比(总): 1.36%, Rerank占比(检): 2.27%
题号: moral_scenarios_28, 正确: False, 检索: 3.6116s, Rerank: 0.0838s, 生成: 2.5176s, 首字: 6.2826s, Rerank占比(总): 1.33%, Rerank占比(检): 2.27%
题号: moral_scenarios_29, 正确: False, 检索: 3.6743s, Rerank: 0.0856s, 生成: 2.4778s, 首字: 6.3064s, Rerank占比(总): 1.36%, Rerank占比(检): 2.28%
题号: moral_scenarios_30, 正确: False, 检索: 3.6933s, Rerank: 0.0908s, 生成: 2.5320s, 首字: 6.3856s, Rerank占比(总): 1.42%, Rerank占比(检): 2.40%
题号: moral_scenarios_31, 正确: False, 检索: 3.6095s, Rerank: 0.0836s, 生成: 2.4377s, 首字: 6.1994s, Rerank占比(总): 1.35%, Rerank占比(检): 2.26%
题号: moral_scenarios_32, 正确: True, 检索: 3.6092s, Rerank: 0.0839s, 生成: 2.4410s, 首字: 6.2029s, Rerank占比(总): 1.35%, Rerank占比(检): 2.27%
题号: moral_scenarios_33, 正确: True, 检索: 3.5797s, Rerank: 0.0837s, 生成: 2.4426s, 首字: 6.1764s, Rerank占比(总): 1.35%, Rerank占比(检): 2.28%
题号: moral_scenarios_34, 正确: False, 检索: 3.6314s, Rerank: 0.0834s, 生成: 2.4339s, 首字: 6.2169s, Rerank占比(总): 1.34%, Rerank占比(检): 2.25%
题号: moral_scenarios_35, 正确: False, 检索: 3.6284s, Rerank: 0.0837s, 生成: 2.4371s, 首字: 6.2182s, Rerank占比(总): 1.35%, Rerank占比(检): 2.26%
题号: moral_scenarios_36, 正确: False, 检索: 3.6012s, Rerank: 0.0834s, 生成: 2.4356s, 首字: 6.1903s, Rerank占比(总): 1.35%, Rerank占比(检): 2.26%
题号: moral_scenarios_37, 正确: False, 检索: 3.6059s, Rerank: 0.0835s, 生成: 2.4326s, 首字: 6.1900s, Rerank占比(总): 1.35%, Rerank占比(检): 2.26%
题号: moral_scenarios_38, 正确: True, 检索: 3.6205s, Rerank: 0.0836s, 生成: 2.5169s, 首字: 6.2902s, Rerank占比(总): 1.33%, Rerank占比(检): 2.26%
题号: moral_scenarios_39, 正确: False, 检索: 4.3246s, Rerank: 0.0846s, 生成: 2.4569s, 首字: 6.9346s, Rerank占比(总): 1.22%, Rerank占比(检): 1.92%
题号: moral_scenarios_40, 正确: False, 检索: 3.7110s, Rerank: 0.0846s, 生成: 2.4424s, 首字: 6.3078s, Rerank占比(总): 1.34%, Rerank占比(检): 2.23%
题号: moral_scenarios_41, 正确: False, 检索: 3.6071s, Rerank: 0.0838s, 生成: 2.4391s, 首字: 6.1987s, Rerank占比(总): 1.35%, Rerank占比(检): 2.27%
题号: moral_scenarios_42, 正确: False, 检索: 3.5939s, Rerank: 0.0845s, 生成: 2.4787s, 首字: 6.2259s, Rerank占比(总): 1.36%, Rerank占比(检): 2.30%
题号: moral_scenarios_43, 正确: True, 检索: 3.7420s, Rerank: 0.0851s, 生成: 2.5193s, 首字: 6.4180s, Rerank占比(总): 1.33%, Rerank占比(检): 2.22%
题号: moral_scenarios_44, 正确: False, 检索: 3.6963s, Rerank: 0.0862s, 生成: 2.4497s, 首字: 6.3023s, Rerank占比(总): 1.37%, Rerank占比(检): 2.28%
题号: moral_scenarios_45, 正确: False, 检索: 3.6322s, Rerank: 0.0853s, 生成: 2.4450s, 首字: 6.2325s, Rerank占比(总): 1.37%, Rerank占比(检): 2.29%
题号: moral_scenarios_46, 正确: False, 检索: 3.6221s, Rerank: 0.0842s, 生成: 2.4441s, 首字: 6.2193s, Rerank占比(总): 1.35%, Rerank占比(检): 2.27%
题号: moral_scenarios_47, 正确: False, 检索: 3.6314s, Rerank: 0.0841s, 生成: 2.4397s, 首字: 6.2235s, Rerank占比(总): 1.35%, Rerank占比(检): 2.26%
题号: moral_scenarios_48, 正确: True, 检索: 3.6264s, Rerank: 0.0843s, 生成: 2.4423s, 首字: 6.2226s, Rerank占比(总): 1.35%, Rerank占比(检): 2.27%
题号: moral_scenarios_49, 正确: False, 检索: 3.6048s, Rerank: 0.0846s, 生成: 2.4420s, 首字: 6.2007s, Rerank占比(总): 1.36%, Rerank占比(检): 2.29%
题号: moral_scenarios_50, 正确: False, 检索: 3.6140s, Rerank: 0.0842s, 生成: 2.4420s, 首字: 6.2093s, Rerank占比(总): 1.36%, Rerank占比(检): 2.28%
题号: moral_scenarios_51, 正确: False, 检索: 3.6189s, Rerank: 0.0838s, 生成: 2.4404s, 首字: 6.2127s, Rerank占比(总): 1.35%, Rerank占比(检): 2.26%
题号: moral_scenarios_52, 正确: False, 检索: 3.6163s, Rerank: 0.0843s, 生成: 2.4450s, 首字: 6.2154s, Rerank占比(总): 1.36%, Rerank占比(检): 2.28%
题号: moral_scenarios_53, 正确: False, 检索: 3.6026s, Rerank: 0.0837s, 生成: 2.4493s, 首字: 6.2043s, Rerank占比(总): 1.35%, Rerank占比(检): 2.27%
题号: moral_scenarios_54, 正确: False, 检索: 3.5826s, Rerank: 0.0841s, 生成: 2.4366s, 首字: 6.1720s, Rerank占比(总): 1.36%, Rerank占比(检): 2.29%
题号: moral_scenarios_55, 正确: False, 检索: 3.6081s, Rerank: 0.0841s, 生成: 2.4784s, 首字: 6.2400s, Rerank占比(总): 1.35%, Rerank占比(检): 2.28%
题号: moral_scenarios_56, 正确: True, 检索: 3.5869s, Rerank: 0.0838s, 生成: 2.4202s, 首字: 6.1594s, Rerank占比(总): 1.36%, Rerank占比(检): 2.28%
题号: moral_scenarios_57, 正确: False, 检索: 3.5956s, Rerank: 0.0841s, 生成: 2.4197s, 首字: 6.1680s, Rerank占比(总): 1.36%, Rerank占比(检): 2.28%
题号: moral_scenarios_58, 正确: False, 检索: 3.5937s, Rerank: 0.0838s, 生成: 2.4159s, 首字: 6.1628s, Rerank占比(总): 1.36%, Rerank占比(检): 2.28%
题号: moral_scenarios_59, 正确: False, 检索: 3.6626s, Rerank: 0.0836s, 生成: 2.4211s, 首字: 6.2389s, Rerank占比(总): 1.34%, Rerank占比(检): 2.23%
题号: moral_scenarios_60, 正确: True, 检索: 3.5883s, Rerank: 0.0840s, 生成: 2.4227s, 首字: 6.1646s, Rerank占比(总): 1.36%, Rerank占比(检): 2.29%
题号: moral_scenarios_61, 正确: True, 检索: 3.5956s, Rerank: 0.0837s, 生成: 2.4236s, 首字: 6.1732s, Rerank占比(总): 1.36%, Rerank占比(检): 2.27%
题号: moral_scenarios_62, 正确: False, 检索: 3.6230s, Rerank: 0.0851s, 生成: 2.4376s, 首字: 6.2149s, Rerank占比(总): 1.37%, Rerank占比(检): 2.30%
题号: moral_scenarios_63, 正确: True, 检索: 3.6133s, Rerank: 0.0848s, 生成: 2.4385s, 首字: 6.2048s, Rerank占比(总): 1.37%, Rerank占比(检): 2.29%
题号: moral_scenarios_64, 正确: False, 检索: 3.6132s, Rerank: 0.0850s, 生成: 2.4790s, 首字: 6.2462s, Rerank占比(总): 1.36%, Rerank占比(检): 2.30%
题号: moral_scenarios_65, 正确: False, 检索: 3.6122s, Rerank: 0.0837s, 生成: 2.4313s, 首字: 6.1960s, Rerank占比(总): 1.35%, Rerank占比(检): 2.27%
题号: moral_scenarios_66, 正确: False, 检索: 3.6081s, Rerank: 0.0839s, 生成: 2.4419s, 首字: 6.2031s, Rerank占比(总): 1.35%, Rerank占比(检): 2.27%
题号: moral_scenarios_67, 正确: False, 检索: 3.6144s, Rerank: 0.0837s, 生成: 2.4492s, 首字: 6.2168s, Rerank占比(总): 1.35%, Rerank占比(检): 2.26%
题号: moral_scenarios_68, 正确: False, 检索: 3.7045s, Rerank: 0.0874s, 生成: 2.5048s, 首字: 6.3673s, Rerank占比(总): 1.37%, Rerank占比(检): 2.31%
题号: moral_scenarios_69, 正确: False, 检索: 3.7188s, Rerank: 0.0909s, 生成: 2.6218s, 首字: 6.5037s, Rerank占比(总): 1.40%, Rerank占比(检): 2.39%
题号: moral_scenarios_70, 正确: True, 检索: 4.7851s, Rerank: 0.0868s, 生成: 2.5025s, 首字: 7.4462s, Rerank占比(总): 1.17%, Rerank占比(检): 1.78%
题号: moral_scenarios_71, 正确: False, 检索: 3.6347s, Rerank: 0.0843s, 生成: 2.4345s, 首字: 6.2223s, Rerank占比(总): 1.35%, Rerank占比(检): 2.27%
题号: moral_scenarios_72, 正确: False, 检索: 3.6202s, Rerank: 0.0838s, 生成: 2.4378s, 首字: 6.2111s, Rerank占比(总): 1.35%, Rerank占比(检): 2.26%
题号: moral_scenarios_73, 正确: False, 检索: 3.6178s, Rerank: 0.0835s, 生成: 2.4366s, 首字: 6.2064s, Rerank占比(总): 1.35%, Rerank占比(检): 2.26%
题号: moral_scenarios_74, 正确: False, 检索: 3.6152s, Rerank: 0.0834s, 生成: 2.4308s, 首字: 6.1989s, Rerank占比(总): 1.34%, Rerank占比(检): 2.25%
题号: moral_scenarios_75, 正确: True, 检索: 3.5807s, Rerank: 0.0835s, 生成: 2.4313s, 首字: 6.1648s, Rerank占比(总): 1.35%, Rerank占比(检): 2.28%
题号: moral_scenarios_76, 正确: False, 检索: 3.5736s, Rerank: 0.0837s, 生成: 2.4298s, 首字: 6.1567s, Rerank占比(总): 1.36%, Rerank占比(检): 2.29%
题号: moral_scenarios_77, 正确: True, 检索: 3.6252s, Rerank: 0.0836s, 生成: 2.4294s, 首字: 6.2079s, Rerank占比(总): 1.35%, Rerank占比(检): 2.25%
题号: moral_scenarios_78, 正确: False, 检索: 3.6239s, Rerank: 0.0837s, 生成: 2.4338s, 首字: 6.2118s, Rerank占比(总): 1.35%, Rerank占比(检): 2.26%
题号: moral_scenarios_79, 正确: True, 检索: 3.6404s, Rerank: 0.0836s, 生成: 2.4290s, 首字: 6.2215s, Rerank占比(总): 1.34%, Rerank占比(检): 2.25%
题号: moral_scenarios_80, 正确: False, 检索: 3.6171s, Rerank: 0.0838s, 生成: 2.4739s, 首字: 6.2472s, Rerank占比(总): 1.34%, Rerank占比(检): 2.26%
题号: moral_scenarios_81, 正确: False, 检索: 3.7152s, Rerank: 0.0842s, 生成: 2.4306s, 首字: 6.2995s, Rerank占比(总): 1.34%, Rerank占比(检): 2.22%
题号: moral_scenarios_82, 正确: True, 检索: 3.6231s, Rerank: 0.0835s, 生成: 2.4351s, 首字: 6.2110s, Rerank占比(总): 1.34%, Rerank占比(检): 2.25%
题号: moral_scenarios_83, 正确: True, 检索: 3.6240s, Rerank: 0.0843s, 生成: 2.4322s, 首字: 6.2100s, Rerank占比(总): 1.36%, Rerank占比(检): 2.27%
题号: moral_scenarios_84, 正确: False, 检索: 3.6177s, Rerank: 0.0837s, 生成: 2.4268s, 首字: 6.1971s, Rerank占比(总): 1.35%, Rerank占比(检): 2.26%
题号: moral_scenarios_85, 正确: False, 检索: 3.6154s, Rerank: 0.0840s, 生成: 2.4308s, 首字: 6.1994s, Rerank占比(总): 1.36%, Rerank占比(检): 2.27%
题号: moral_scenarios_86, 正确: False, 检索: 3.6094s, Rerank: 0.0844s, 生成: 2.4315s, 首字: 6.1946s, Rerank占比(总): 1.36%, Rerank占比(检): 2.28%
题号: moral_scenarios_87, 正确: False, 检索: 3.6199s, Rerank: 0.0834s, 生成: 2.4298s, 首字: 6.2017s, Rerank占比(总): 1.34%, Rerank占比(检): 2.25%
题号: moral_scenarios_88, 正确: False, 检索: 3.6161s, Rerank: 0.0836s, 生成: 2.4240s, 首字: 6.1934s, Rerank占比(总): 1.35%, Rerank占比(检): 2.26%
题号: moral_scenarios_89, 正确: False, 检索: 3.6156s, Rerank: 0.0835s, 生成: 2.4294s, 首字: 6.1977s, Rerank占比(总): 1.35%, Rerank占比(检): 2.26%
题号: moral_scenarios_90, 正确: False, 检索: 3.6027s, Rerank: 0.0835s, 生成: 2.4253s, 首字: 6.1796s, Rerank占比(总): 1.35%, Rerank占比(检): 2.26%
题号: moral_scenarios_91, 正确: True, 检索: 3.6058s, Rerank: 0.0834s, 生成: 2.4249s, 首字: 6.1842s, Rerank占比(总): 1.35%, Rerank占比(检): 2.26%
题号: moral_scenarios_92, 正确: False, 检索: 3.6255s, Rerank: 0.0835s, 生成: 2.4233s, 首字: 6.2007s, Rerank占比(总): 1.35%, Rerank占比(检): 2.25%
题号: moral_scenarios_93, 正确: False, 检索: 3.6252s, Rerank: 0.0835s, 生成: 2.4240s, 首字: 6.2016s, Rerank占比(总): 1.35%, Rerank占比(检): 2.25%
题号: moral_scenarios_94, 正确: True, 检索: 3.6028s, Rerank: 0.0834s, 生成: 2.4224s, 首字: 6.1785s, Rerank占比(总): 1.35%, Rerank占比(检): 2.26%
题号: moral_scenarios_95, 正确: True, 检索: 3.6128s, Rerank: 0.0836s, 生成: 2.4227s, 首字: 6.1875s, Rerank占比(总): 1.35%, Rerank占比(检): 2.26%
题号: moral_scenarios_96, 正确: True, 检索: 3.6014s, Rerank: 0.0836s, 生成: 2.4251s, 首字: 6.1785s, Rerank占比(总): 1.35%, Rerank占比(检): 2.27%
题号: moral_scenarios_97, 正确: False, 检索: 3.5659s, Rerank: 0.0832s, 生成: 2.4241s, 首字: 6.1423s, Rerank占比(总): 1.36%, Rerank占比(检): 2.28%
题号: moral_scenarios_98, 正确: False, 检索: 3.5925s, Rerank: 0.0837s, 生成: 2.4237s, 首字: 6.1689s, Rerank占比(总): 1.36%, Rerank占比(检): 2.28%
题号: moral_scenarios_99, 正确: False, 检索: 3.6146s, Rerank: 0.0836s, 生成: 2.4207s, 首字: 6.1879s, Rerank占比(总): 1.35%, Rerank占比(检): 2.26%
题号: moral_scenarios_100, 正确: False, 检索: 3.6138s, Rerank: 0.0839s, 生成: 2.4718s, 首字: 6.2383s, Rerank占比(总): 1.34%, Rerank占比(检): 2.27%
题号: moral_scenarios_101, 正确: False, 检索: 4.5953s, Rerank: 0.0862s, 生成: 2.4936s, 首字: 7.2452s, Rerank占比(总): 1.19%, Rerank占比(检): 1.84%
题号: moral_scenarios_102, 正确: True, 检索: 4.0426s, Rerank: 0.0842s, 生成: 2.4981s, 首字: 6.6948s, Rerank占比(总): 1.26%, Rerank占比(检): 2.04%
题号: moral_scenarios_103, 正确: False, 检索: 3.6192s, Rerank: 0.0839s, 生成: 2.4244s, 首字: 6.1971s, Rerank占比(总): 1.35%, Rerank占比(检): 2.26%
题号: moral_scenarios_104, 正确: False, 检索: 3.6161s, Rerank: 0.0837s, 生成: 2.4313s, 首字: 6.1999s, Rerank占比(总): 1.35%, Rerank占比(检): 2.26%
题号: moral_scenarios_105, 正确: False, 检索: 3.6234s, Rerank: 0.0834s, 生成: 2.4267s, 首字: 6.2020s, Rerank占比(总): 1.35%, Rerank占比(检): 2.25%
题号: moral_scenarios_106, 正确: False, 检索: 3.6275s, Rerank: 0.0833s, 生成: 2.4853s, 首字: 6.2667s, Rerank占比(总): 1.33%, Rerank占比(检): 2.25%
题号: moral_scenarios_107, 正确: False, 检索: 4.6974s, Rerank: 0.0872s, 生成: 2.5171s, 首字: 7.3725s, Rerank占比(总): 1.18%, Rerank占比(检): 1.82%
题号: moral_scenarios_108, 正确: True, 检索: 4.6824s, Rerank: 0.0873s, 生成: 2.5225s, 首字: 7.3637s, Rerank占比(总): 1.19%, Rerank占比(检): 1.83%
题号: moral_scenarios_109, 正确: False, 检索: 4.7161s, Rerank: 0.0877s, 生成: 2.5213s, 首字: 7.3982s, Rerank占比(总): 1.19%, Rerank占比(检): 1.83%
题号: moral_scenarios_110, 正确: False, 检索: 4.6653s, Rerank: 0.0874s, 生成: 2.5147s, 首字: 7.3397s, Rerank占比(总): 1.19%, Rerank占比(检): 1.84%
题号: moral_scenarios_111, 正确: False, 检索: 4.7126s, Rerank: 0.0867s, 生成: 2.5134s, 首字: 7.3840s, Rerank占比(总): 1.17%, Rerank占比(检): 1.81%
题号: moral_scenarios_112, 正确: False, 检索: 4.6871s, Rerank: 0.0866s, 生成: 2.5079s, 首字: 7.3537s, Rerank占比(总): 1.18%, Rerank占比(检): 1.81%
题号: moral_scenarios_113, 正确: True, 检索: 4.7270s, Rerank: 0.0868s, 生成: 2.5085s, 首字: 7.3949s, Rerank占比(总): 1.17%, Rerank占比(检): 1.80%
题号: moral_scenarios_114, 正确: False, 检索: 4.7466s, Rerank: 0.0868s, 生成: 2.5105s, 首字: 7.4146s, Rerank占比(总): 1.17%, Rerank占比(检): 1.80%
题号: moral_scenarios_115, 正确: False, 检索: 4.7179s, Rerank: 0.0870s, 生成: 2.5151s, 首字: 7.3914s, Rerank占比(总): 1.18%, Rerank占比(检): 1.81%
题号: moral_scenarios_116, 正确: False, 检索: 4.6484s, Rerank: 0.0869s, 生成: 2.5189s, 首字: 7.3275s, Rerank占比(总): 1.19%, Rerank占比(检): 1.84%
题号: moral_scenarios_117, 正确: False, 检索: 4.7149s, Rerank: 0.0879s, 生成: 2.5101s, 首字: 7.3847s, Rerank占比(总): 1.19%, Rerank占比(检): 1.83%
题号: moral_scenarios_118, 正确: False, 检索: 4.7549s, Rerank: 0.0877s, 生成: 2.5111s, 首字: 7.4251s, Rerank占比(总): 1.18%, Rerank占比(检): 1.81%
题号: moral_scenarios_119, 正确: False, 检索: 4.7355s, Rerank: 0.0871s, 生成: 2.5169s, 首字: 7.4109s, Rerank占比(总): 1.18%, Rerank占比(检): 1.81%
题号: moral_scenarios_120, 正确: False, 检索: 4.7381s, Rerank: 0.0869s, 生成: 2.5131s, 首字: 7.4095s, Rerank占比(总): 1.17%, Rerank占比(检): 1.80%
题号: moral_scenarios_121, 正确: False, 检索: 4.7633s, Rerank: 0.0882s, 生成: 2.5032s, 首字: 7.4250s, Rerank占比(总): 1.19%, Rerank占比(检): 1.82%
题号: moral_scenarios_122, 正确: True, 检索: 4.7487s, Rerank: 0.0865s, 生成: 2.5134s, 首字: 7.4202s, Rerank占比(总): 1.17%, Rerank占比(检): 1.79%
题号: moral_scenarios_123, 正确: False, 检索: 4.7654s, Rerank: 0.0876s, 生成: 2.5146s, 首字: 7.4376s, Rerank占比(总): 1.18%, Rerank占比(检): 1.80%
题号: moral_scenarios_124, 正确: True, 检索: 4.7388s, Rerank: 0.0875s, 生成: 2.5111s, 首字: 7.4075s, Rerank占比(总): 1.18%, Rerank占比(检): 1.81%
题号: moral_scenarios_125, 正确: False, 检索: 4.7494s, Rerank: 0.0869s, 生成: 2.5112s, 首字: 7.4196s, Rerank占比(总): 1.17%, Rerank占比(检): 1.80%
题号: moral_scenarios_126, 正确: False, 检索: 4.7427s, Rerank: 0.0871s, 生成: 2.5138s, 首字: 7.4145s, Rerank占比(总): 1.17%, Rerank占比(检): 1.80%
题号: moral_scenarios_127, 正确: False, 检索: 4.7698s, Rerank: 0.0869s, 生成: 2.5108s, 首字: 7.4382s, Rerank占比(总): 1.17%, Rerank占比(检): 1.79%
题号: moral_scenarios_128, 正确: True, 检索: 4.7529s, Rerank: 0.0865s, 生成: 2.5160s, 首字: 7.4266s, Rerank占比(总): 1.16%, Rerank占比(检): 1.79%
题号: moral_scenarios_129, 正确: False, 检索: 4.7412s, Rerank: 0.0868s, 生成: 2.5096s, 首字: 7.4088s, Rerank占比(总): 1.17%, Rerank占比(检): 1.80%
题号: moral_scenarios_130, 正确: False, 检索: 4.7439s, Rerank: 0.0877s, 生成: 2.5063s, 首字: 7.4093s, Rerank占比(总): 1.18%, Rerank占比(检): 1.81%
题号: moral_scenarios_131, 正确: False, 检索: 4.7458s, Rerank: 0.0867s, 生成: 2.5150s, 首字: 7.4183s, Rerank占比(总): 1.17%, Rerank占比(检): 1.79%
题号: moral_scenarios_132, 正确: True, 检索: 4.7559s, Rerank: 0.0869s, 生成: 2.5137s, 首字: 7.4281s, Rerank占比(总): 1.17%, Rerank占比(检): 1.79%
题号: moral_scenarios_133, 正确: True, 检索: 4.7565s, Rerank: 0.0875s, 生成: 2.5167s, 首字: 7.4335s, Rerank占比(总): 1.18%, Rerank占比(检): 1.81%
题号: moral_scenarios_134, 正确: False, 检索: 4.7157s, Rerank: 0.0876s, 生成: 2.5174s, 首字: 7.3933s, Rerank占比(总): 1.19%, Rerank占比(检): 1.82%
题号: moral_scenarios_135, 正确: False, 检索: 4.7549s, Rerank: 0.0870s, 生成: 2.5173s, 首字: 7.4327s, Rerank占比(总): 1.17%, Rerank占比(检): 1.80%
题号: moral_scenarios_136, 正确: False, 检索: 4.7734s, Rerank: 0.0864s, 生成: 2.5202s, 首字: 7.4651s, Rerank占比(总): 1.16%, Rerank占比(检): 1.78%
题号: moral_scenarios_137, 正确: False, 检索: 4.7480s, Rerank: 0.0871s, 生成: 2.5270s, 首字: 7.4479s, Rerank占比(总): 1.17%, Rerank占比(检): 1.80%
题号: moral_scenarios_138, 正确: True, 检索: 4.7199s, Rerank: 0.0862s, 生成: 2.5181s, 首字: 7.3969s, Rerank占比(总): 1.17%, Rerank占比(检): 1.79%
题号: moral_scenarios_139, 正确: False, 检索: 4.7113s, Rerank: 0.0869s, 生成: 2.5162s, 首字: 7.3847s, Rerank占比(总): 1.18%, Rerank占比(检): 1.81%
题号: moral_scenarios_140, 正确: False, 检索: 4.7383s, Rerank: 0.0862s, 生成: 2.5169s, 首字: 7.4139s, Rerank占比(总): 1.16%, Rerank占比(检): 1.79%
题号: moral_scenarios_141, 正确: False, 检索: 3.8285s, Rerank: 0.0843s, 生成: 2.4847s, 首字: 6.4668s, Rerank占比(总): 1.30%, Rerank占比(检): 2.16%
题号: moral_scenarios_142, 正确: False, 检索: 3.7054s, Rerank: 0.0831s, 生成: 2.4299s, 首字: 6.2879s, Rerank占比(总): 1.32%, Rerank占比(检): 2.19%
题号: moral_scenarios_143, 正确: True, 检索: 3.6205s, Rerank: 0.1200s, 生成: 2.4669s, 首字: 6.2771s, Rerank占比(总): 1.91%, Rerank占比(检): 3.21%
题号: moral_scenarios_144, 正确: False, 检索: 3.6137s, Rerank: 0.0835s, 生成: 2.5205s, 首字: 6.2863s, Rerank占比(总): 1.33%, Rerank占比(检): 2.26%
题号: moral_scenarios_145, 正确: False, 检索: 4.7363s, Rerank: 0.0873s, 生成: 2.5298s, 首字: 7.4251s, Rerank占比(总): 1.18%, Rerank占比(检): 1.81%
题号: moral_scenarios_146, 正确: False, 检索: 4.7273s, Rerank: 0.0873s, 生成: 2.5189s, 首字: 7.4057s, Rerank占比(总): 1.18%, Rerank占比(检): 1.81%
题号: moral_scenarios_147, 正确: True, 检索: 4.6891s, Rerank: 0.0876s, 生成: 2.5295s, 首字: 7.3768s, Rerank占比(总): 1.19%, Rerank占比(检): 1.83%
题号: moral_scenarios_148, 正确: False, 检索: 4.6872s, Rerank: 0.0863s, 生成: 2.5240s, 首字: 7.3695s, Rerank占比(总): 1.17%, Rerank占比(检): 1.81%
题号: moral_scenarios_149, 正确: True, 检索: 4.6971s, Rerank: 0.0876s, 生成: 2.5255s, 首字: 7.3820s, Rerank占比(总): 1.19%, Rerank占比(检): 1.83%
题号: moral_scenarios_150, 正确: False, 检索: 4.7053s, Rerank: 0.0874s, 生成: 2.5252s, 首字: 7.3922s, Rerank占比(总): 1.18%, Rerank占比(检): 1.82%
题号: moral_scenarios_151, 正确: True, 检索: 4.6835s, Rerank: 0.0870s, 生成: 2.5258s, 首字: 7.3685s, Rerank占比(总): 1.18%, Rerank占比(检): 1.82%
题号: moral_scenarios_152, 正确: False, 检索: 4.6923s, Rerank: 0.0871s, 生成: 2.5334s, 首字: 7.3846s, Rerank占比(总): 1.18%, Rerank占比(检): 1.82%
题号: moral_scenarios_153, 正确: False, 检索: 4.7060s, Rerank: 0.0875s, 生成: 2.5272s, 首字: 7.3920s, Rerank占比(总): 1.18%, Rerank占比(检): 1.83%
题号: moral_scenarios_154, 正确: False, 检索: 4.6972s, Rerank: 0.0869s, 生成: 2.5253s, 首字: 7.3810s, Rerank占比(总): 1.18%, Rerank占比(检): 1.82%
题号: moral_scenarios_155, 正确: True, 检索: 4.6898s, Rerank: 0.0883s, 生成: 2.5218s, 首字: 7.3721s, Rerank占比(总): 1.20%, Rerank占比(检): 1.85%
题号: moral_scenarios_156, 正确: False, 检索: 4.7113s, Rerank: 0.0872s, 生成: 2.5278s, 首字: 7.3974s, Rerank占比(总): 1.18%, Rerank占比(检): 1.82%
题号: moral_scenarios_157, 正确: False, 检索: 4.7070s, Rerank: 0.0882s, 生成: 2.5247s, 首字: 7.3913s, Rerank占比(总): 1.19%, Rerank占比(检): 1.84%
题号: moral_scenarios_158, 正确: True, 检索: 4.7231s, Rerank: 0.0872s, 生成: 2.5189s, 首字: 7.4004s, Rerank占比(总): 1.18%, Rerank占比(检): 1.81%
题号: moral_scenarios_159, 正确: True, 检索: 4.6869s, Rerank: 0.0872s, 生成: 2.5238s, 首字: 7.3704s, Rerank占比(总): 1.18%, Rerank占比(检): 1.83%
题号: moral_scenarios_160, 正确: True, 检索: 4.7324s, Rerank: 0.0875s, 生成: 2.5248s, 首字: 7.4177s, Rerank占比(总): 1.18%, Rerank占比(检): 1.81%
题号: moral_scenarios_161, 正确: False, 检索: 4.7369s, Rerank: 0.0873s, 生成: 2.5445s, 首字: 7.4403s, Rerank占比(总): 1.17%, Rerank占比(检): 1.81%
题号: moral_scenarios_162, 正确: False, 检索: 4.7709s, Rerank: 0.0881s, 生成: 2.5414s, 首字: 7.4718s, Rerank占比(总): 1.18%, Rerank占比(检): 1.81%
题号: moral_scenarios_163, 正确: False, 检索: 4.7629s, Rerank: 0.0881s, 生成: 2.5499s, 首字: 7.4715s, Rerank占比(总): 1.18%, Rerank占比(检): 1.82%
题号: moral_scenarios_164, 正确: False, 检索: 4.7812s, Rerank: 0.0886s, 生成: 2.5458s, 首字: 7.4873s, Rerank占比(总): 1.18%, Rerank占比(检): 1.82%
题号: moral_scenarios_165, 正确: True, 检索: 4.7682s, Rerank: 0.0898s, 生成: 2.5394s, 首字: 7.4685s, Rerank占比(总): 1.20%, Rerank占比(检): 1.85%
题号: moral_scenarios_166, 正确: False, 检索: 4.7419s, Rerank: 0.0896s, 生成: 2.5405s, 首字: 7.4436s, Rerank占比(总): 1.20%, Rerank占比(检): 1.85%
题号: moral_scenarios_167, 正确: False, 检索: 4.7686s, Rerank: 0.0900s, 生成: 2.5448s, 首字: 7.4747s, Rerank占比(总): 1.20%, Rerank占比(检): 1.85%
题号: moral_scenarios_168, 正确: False, 检索: 4.7791s, Rerank: 0.0886s, 生成: 2.5610s, 首字: 7.4998s, Rerank占比(总): 1.18%, Rerank占比(检): 1.82%
题号: moral_scenarios_169, 正确: False, 检索: 4.7904s, Rerank: 0.0901s, 生成: 2.5461s, 首字: 7.4988s, Rerank占比(总): 1.20%, Rerank占比(检): 1.85%
题号: moral_scenarios_170, 正确: False, 检索: 4.7356s, Rerank: 0.0905s, 生成: 2.5630s, 首字: 7.4606s, Rerank占比(总): 1.21%, Rerank占比(检): 1.87%
题号: moral_scenarios_171, 正确: False, 检索: 4.7505s, Rerank: 0.0885s, 生成: 2.5440s, 首字: 7.4552s, Rerank占比(总): 1.19%, Rerank占比(检): 1.83%
题号: moral_scenarios_172, 正确: True, 检索: 4.7422s, Rerank: 0.0885s, 生成: 2.5445s, 首字: 7.4474s, Rerank占比(总): 1.19%, Rerank占比(检): 1.83%
题号: moral_scenarios_173, 正确: False, 检索: 4.7672s, Rerank: 0.0890s, 生成: 2.5448s, 首字: 7.4720s, Rerank占比(总): 1.19%, Rerank占比(检): 1.83%
题号: moral_scenarios_174, 正确: False, 检索: 4.7647s, Rerank: 0.0893s, 生成: 2.5475s, 首字: 7.4755s, Rerank占比(总): 1.20%, Rerank占比(检): 1.84%
题号: moral_scenarios_175, 正确: False, 检索: 4.7599s, Rerank: 0.0909s, 生成: 2.5292s, 首字: 7.4507s, Rerank占比(总): 1.22%, Rerank占比(检): 1.87%
题号: moral_scenarios_176, 正确: False, 检索: 4.7337s, Rerank: 0.0876s, 生成: 2.5257s, 首字: 7.4176s, Rerank占比(总): 1.18%, Rerank占比(检): 1.82%
题号: moral_scenarios_177, 正确: False, 检索: 4.7294s, Rerank: 0.0869s, 生成: 2.5261s, 首字: 7.4155s, Rerank占比(总): 1.17%, Rerank占比(检): 1.80%
题号: moral_scenarios_178, 正确: False, 检索: 4.7722s, Rerank: 0.0874s, 生成: 2.5411s, 首字: 7.4717s, Rerank占比(总): 1.17%, Rerank占比(检): 1.80%
题号: moral_scenarios_179, 正确: False, 检索: 4.7126s, Rerank: 0.0867s, 生成: 2.5211s, 首字: 7.3921s, Rerank占比(总): 1.17%, Rerank占比(检): 1.81%
题号: moral_scenarios_180, 正确: False, 检索: 4.7492s, Rerank: 0.0873s, 生成: 2.5240s, 首字: 7.4328s, Rerank占比(总): 1.17%, Rerank占比(检): 1.80%
题号: moral_scenarios_181, 正确: False, 检索: 4.7464s, Rerank: 0.0870s, 生成: 2.5188s, 首字: 7.4228s, Rerank占比(总): 1.17%, Rerank占比(检): 1.80%
题号: moral_scenarios_182, 正确: False, 检索: 4.7607s, Rerank: 0.0873s, 生成: 2.5242s, 首字: 7.4436s, Rerank占比(总): 1.17%, Rerank占比(检): 1.80%
题号: moral_scenarios_183, 正确: True, 检索: 4.7225s, Rerank: 0.0871s, 生成: 2.5150s, 首字: 7.3967s, Rerank占比(总): 1.18%, Rerank占比(检): 1.81%
题号: moral_scenarios_184, 正确: False, 检索: 4.7298s, Rerank: 0.0870s, 生成: 2.5204s, 首字: 7.4084s, Rerank占比(总): 1.17%, Rerank占比(检): 1.81%
题号: moral_scenarios_185, 正确: False, 检索: 4.7241s, Rerank: 0.0869s, 生成: 2.5174s, 首字: 7.3989s, Rerank占比(总): 1.17%, Rerank占比(检): 1.81%
题号: moral_scenarios_186, 正确: True, 检索: 4.7310s, Rerank: 0.0877s, 生成: 2.5455s, 首字: 7.4357s, Rerank占比(总): 1.18%, Rerank占比(检): 1.82%
题号: moral_scenarios_187, 正确: False, 检索: 4.7689s, Rerank: 0.0871s, 生成: 2.5144s, 首字: 7.4424s, Rerank占比(总): 1.17%, Rerank占比(检): 1.79%
题号: moral_scenarios_188, 正确: False, 检索: 4.6768s, Rerank: 0.0876s, 生成: 2.5182s, 首字: 7.3535s, Rerank占比(总): 1.19%, Rerank占比(检): 1.84%
题号: moral_scenarios_189, 正确: False, 检索: 4.7182s, Rerank: 0.0873s, 生成: 2.5163s, 首字: 7.3934s, Rerank占比(总): 1.18%, Rerank占比(检): 1.82%
题号: moral_scenarios_190, 正确: False, 检索: 4.7422s, Rerank: 0.0873s, 生成: 2.5236s, 首字: 7.4244s, Rerank占比(总): 1.18%, Rerank占比(检): 1.81%
题号: moral_scenarios_191, 正确: False, 检索: 4.7326s, Rerank: 0.0874s, 生成: 2.5161s, 首字: 7.4072s, Rerank占比(总): 1.18%, Rerank占比(检): 1.81%
题号: moral_scenarios_192, 正确: False, 检索: 4.7692s, Rerank: 0.0882s, 生成: 2.5301s, 首字: 7.4586s, Rerank占比(总): 1.18%, Rerank占比(检): 1.82%
题号: moral_scenarios_193, 正确: False, 检索: 4.7582s, Rerank: 0.0866s, 生成: 2.5123s, 首字: 7.4288s, Rerank占比(总): 1.17%, Rerank占比(检): 1.79%
题号: moral_scenarios_194, 正确: False, 检索: 4.7766s, Rerank: 0.0876s, 生成: 2.5532s, 首字: 7.4903s, Rerank占比(总): 1.17%, Rerank占比(检): 1.80%
题号: moral_scenarios_195, 正确: False, 检索: 4.8315s, Rerank: 0.0878s, 生成: 2.5387s, 首字: 7.5294s, Rerank占比(总): 1.17%, Rerank占比(检): 1.78%
题号: moral_scenarios_196, 正确: False, 检索: 4.7775s, Rerank: 0.0876s, 生成: 2.5464s, 首字: 7.4833s, Rerank占比(总): 1.17%, Rerank占比(检): 1.80%
题号: moral_scenarios_197, 正确: False, 检索: 4.7596s, Rerank: 0.0876s, 生成: 2.5382s, 首字: 7.4584s, Rerank占比(总): 1.17%, Rerank占比(检): 1.81%
题号: moral_scenarios_198, 正确: False, 检索: 4.7741s, Rerank: 0.0869s, 生成: 2.5269s, 首字: 7.4604s, Rerank占比(总): 1.17%, Rerank占比(检): 1.79%
题号: moral_scenarios_199, 正确: False, 检索: 3.7265s, Rerank: 0.0836s, 生成: 2.4496s, 首字: 6.3286s, Rerank占比(总): 1.32%, Rerank占比(检): 2.19%
题号: moral_scenarios_200, 正确: False, 检索: 4.4967s, Rerank: 0.0867s, 生成: 2.4988s, 首字: 7.1536s, Rerank占比(总): 1.21%, Rerank占比(检): 1.89%
题号: moral_scenarios_201, 正确: False, 检索: 4.6284s, Rerank: 0.0867s, 生成: 2.5000s, 首字: 7.2860s, Rerank占比(总): 1.19%, Rerank占比(检): 1.84%
题号: moral_scenarios_202, 正确: False, 检索: 4.6669s, Rerank: 0.0867s, 生成: 2.4979s, 首字: 7.3241s, Rerank占比(总): 1.18%, Rerank占比(检): 1.82%
题号: moral_scenarios_203, 正确: False, 检索: 4.6145s, Rerank: 0.0868s, 生成: 2.4984s, 首字: 7.2712s, Rerank占比(总): 1.19%, Rerank占比(检): 1.85%
题号: moral_scenarios_204, 正确: False, 检索: 4.6281s, Rerank: 0.0868s, 生成: 2.4937s, 首字: 7.2805s, Rerank占比(总): 1.19%, Rerank占比(检): 1.84%
题号: moral_scenarios_205, 正确: False, 检索: 4.5856s, Rerank: 0.0863s, 生成: 2.4971s, 首字: 7.2395s, Rerank占比(总): 1.19%, Rerank占比(检): 1.85%
题号: moral_scenarios_206, 正确: True, 检索: 4.6071s, Rerank: 0.0868s, 生成: 2.5005s, 首字: 7.2658s, Rerank占比(总): 1.19%, Rerank占比(检): 1.85%
题号: moral_scenarios_207, 正确: False, 检索: 4.5662s, Rerank: 0.0870s, 生成: 2.5036s, 首字: 7.2271s, Rerank占比(总): 1.20%, Rerank占比(检): 1.87%
题号: moral_scenarios_208, 正确: False, 检索: 4.5893s, Rerank: 0.0866s, 生成: 2.5003s, 首字: 7.2477s, Rerank占比(总): 1.20%, Rerank占比(检): 1.85%
题号: moral_scenarios_209, 正确: False, 检索: 4.6140s, Rerank: 0.0877s, 生成: 2.4981s, 首字: 7.2737s, Rerank占比(总): 1.21%, Rerank占比(检): 1.86%
题号: moral_scenarios_210, 正确: False, 检索: 4.6881s, Rerank: 0.0863s, 生成: 2.4971s, 首字: 7.3435s, Rerank占比(总): 1.18%, Rerank占比(检): 1.81%
题号: moral_scenarios_211, 正确: False, 检索: 4.0855s, Rerank: 0.0870s, 生成: 2.5210s, 首字: 6.7633s, Rerank占比(总): 1.29%, Rerank占比(检): 2.09%
题号: moral_scenarios_212, 正确: False, 检索: 3.7108s, Rerank: 0.0854s, 生成: 2.5268s, 首字: 6.3924s, Rerank占比(总): 1.34%, Rerank占比(检): 2.25%
题号: moral_scenarios_213, 正确: True, 检索: 3.6194s, Rerank: 0.0873s, 生成: 2.5198s, 首字: 6.2951s, Rerank占比(总): 1.39%, Rerank占比(检): 2.36%
题号: moral_scenarios_214, 正确: True, 检索: 3.7229s, Rerank: 0.0855s, 生成: 2.4675s, 首字: 6.3500s, Rerank占比(总): 1.35%, Rerank占比(检): 2.24%
题号: moral_scenarios_215, 正确: False, 检索: 3.7157s, Rerank: 0.0864s, 生成: 2.4766s, 首字: 6.3479s, Rerank占比(总): 1.36%, Rerank占比(检): 2.27%
题号: moral_scenarios_216, 正确: False, 检索: 3.6783s, Rerank: 0.0834s, 生成: 2.4269s, 首字: 6.2577s, Rerank占比(总): 1.33%, Rerank占比(检): 2.22%
题号: moral_scenarios_217, 正确: False, 检索: 3.6000s, Rerank: 0.0841s, 生成: 2.4242s, 首字: 6.1771s, Rerank占比(总): 1.36%, Rerank占比(检): 2.28%
题号: moral_scenarios_218, 正确: False, 检索: 3.6136s, Rerank: 0.0842s, 生成: 2.4702s, 首字: 6.2368s, Rerank占比(总): 1.35%, Rerank占比(检): 2.28%
题号: moral_scenarios_219, 正确: True, 检索: 3.7245s, Rerank: 0.0839s, 生成: 2.4260s, 首字: 6.3036s, Rerank占比(总): 1.33%, Rerank占比(检): 2.20%
题号: moral_scenarios_220, 正确: False, 检索: 3.5962s, Rerank: 0.0843s, 生成: 2.4325s, 首字: 6.1835s, Rerank占比(总): 1.36%, Rerank占比(检): 2.29%
题号: moral_scenarios_221, 正确: False, 检索: 3.6343s, Rerank: 0.0836s, 生成: 2.4252s, 首字: 6.2117s, Rerank占比(总): 1.35%, Rerank占比(检): 2.25%
题号: moral_scenarios_222, 正确: True, 检索: 3.6081s, Rerank: 0.0836s, 生成: 2.4112s, 首字: 6.1722s, Rerank占比(总): 1.35%, Rerank占比(检): 2.26%
题号: moral_scenarios_223, 正确: False, 检索: 3.6061s, Rerank: 0.0831s, 生成: 2.4293s, 首字: 6.1884s, Rerank占比(总): 1.34%, Rerank占比(检): 2.25%
题号: moral_scenarios_224, 正确: False, 检索: 3.6289s, Rerank: 0.0839s, 生成: 2.4763s, 首字: 6.2584s, Rerank占比(总): 1.34%, Rerank占比(检): 2.26%
题号: moral_scenarios_225, 正确: False, 检索: 3.6501s, Rerank: 0.0844s, 生成: 2.4431s, 首字: 6.2461s, Rerank占比(总): 1.35%, Rerank占比(检): 2.26%
题号: moral_scenarios_226, 正确: True, 检索: 3.5841s, Rerank: 0.0837s, 生成: 2.4302s, 首字: 6.1673s, Rerank占比(总): 1.36%, Rerank占比(检): 2.28%
题号: moral_scenarios_227, 正确: False, 检索: 3.6082s, Rerank: 0.0843s, 生成: 2.4290s, 首字: 6.1909s, Rerank占比(总): 1.36%, Rerank占比(检): 2.28%
题号: moral_scenarios_228, 正确: False, 检索: 3.7513s, Rerank: 0.0864s, 生成: 2.6455s, 首字: 6.5529s, Rerank占比(总): 1.32%, Rerank占比(检): 2.25%
题号: moral_scenarios_229, 正确: True, 检索: 3.7881s, Rerank: 0.0858s, 生成: 2.5070s, 首字: 6.4505s, Rerank占比(总): 1.33%, Rerank占比(检): 2.21%
题号: moral_scenarios_230, 正确: True, 检索: 3.7591s, Rerank: 0.0872s, 生成: 2.5476s, 首字: 6.4652s, Rerank占比(总): 1.35%, Rerank占比(检): 2.27%
题号: moral_scenarios_231, 正确: True, 检索: 4.7281s, Rerank: 0.0878s, 生成: 2.5447s, 首字: 7.4324s, Rerank占比(总): 1.18%, Rerank占比(检): 1.82%
题号: moral_scenarios_232, 正确: True, 检索: 4.7187s, Rerank: 0.0885s, 生成: 2.5428s, 首字: 7.4208s, Rerank占比(总): 1.19%, Rerank占比(检): 1.84%
题号: moral_scenarios_233, 正确: False, 检索: 4.7509s, Rerank: 0.0879s, 生成: 2.5502s, 首字: 7.4620s, Rerank占比(总): 1.18%, Rerank占比(检): 1.82%
题号: moral_scenarios_234, 正确: True, 检索: 4.7456s, Rerank: 0.0877s, 生成: 2.5434s, 首字: 7.4491s, Rerank占比(总): 1.18%, Rerank占比(检): 1.82%
题号: moral_scenarios_235, 正确: False, 检索: 4.7603s, Rerank: 0.0878s, 生成: 2.5695s, 首字: 7.4911s, Rerank占比(总): 1.17%, Rerank占比(检): 1.81%
题号: moral_scenarios_236, 正确: False, 检索: 4.7805s, Rerank: 0.0872s, 生成: 2.5385s, 首字: 7.4768s, Rerank占比(总): 1.17%, Rerank占比(检): 1.79%
题号: moral_scenarios_237, 正确: False, 检索: 4.7831s, Rerank: 0.0874s, 生成: 2.5405s, 首字: 7.4829s, Rerank占比(总): 1.17%, Rerank占比(检): 1.80%
题号: moral_scenarios_238, 正确: False, 检索: 4.7178s, Rerank: 0.0880s, 生成: 2.5323s, 首字: 7.4090s, Rerank占比(总): 1.19%, Rerank占比(检): 1.83%
题号: moral_scenarios_239, 正确: False, 检索: 4.7422s, Rerank: 0.0881s, 生成: 2.5499s, 首字: 7.4517s, Rerank占比(总): 1.18%, Rerank占比(检): 1.82%
题号: moral_scenarios_240, 正确: False, 检索: 4.7883s, Rerank: 0.0873s, 生成: 2.5071s, 首字: 7.4549s, Rerank占比(总): 1.17%, Rerank占比(检): 1.79%
题号: moral_scenarios_241, 正确: False, 检索: 4.6606s, Rerank: 0.0868s, 生成: 2.5104s, 首字: 7.3291s, Rerank占比(总): 1.18%, Rerank占比(检): 1.83%
题号: moral_scenarios_242, 正确: False, 检索: 4.6120s, Rerank: 0.0867s, 生成: 2.5235s, 首字: 7.2943s, Rerank占比(总): 1.19%, Rerank占比(检): 1.84%
题号: moral_scenarios_243, 正确: False, 检索: 4.6614s, Rerank: 0.0863s, 生成: 2.5307s, 首字: 7.3494s, Rerank占比(总): 1.17%, Rerank占比(检): 1.82%
题号: moral_scenarios_244, 正确: False, 检索: 4.5769s, Rerank: 0.1103s, 生成: 2.5193s, 首字: 7.2796s, Rerank占比(总): 1.51%, Rerank占比(检): 2.35%
题号: moral_scenarios_245, 正确: False, 检索: 4.6733s, Rerank: 0.0873s, 生成: 2.5059s, 首字: 7.3401s, Rerank占比(总): 1.19%, Rerank占比(检): 1.83%
题号: moral_scenarios_246, 正确: True, 检索: 4.6545s, Rerank: 0.0865s, 生成: 2.5042s, 首字: 7.3160s, Rerank占比(总): 1.18%, Rerank占比(检): 1.82%
题号: moral_scenarios_247, 正确: False, 检索: 4.7056s, Rerank: 0.0865s, 生成: 2.5053s, 首字: 7.3684s, Rerank占比(总): 1.17%, Rerank占比(检): 1.80%
题号: moral_scenarios_248, 正确: True, 检索: 4.6583s, Rerank: 0.0869s, 生成: 2.5053s, 首字: 7.3234s, Rerank占比(总): 1.19%, Rerank占比(检): 1.83%
题号: moral_scenarios_249, 正确: False, 检索: 4.6674s, Rerank: 0.0866s, 生成: 2.5030s, 首字: 7.3269s, Rerank占比(总): 1.18%, Rerank占比(检): 1.82%
题号: moral_scenarios_250, 正确: False, 检索: 4.6731s, Rerank: 0.0867s, 生成: 2.4985s, 首字: 7.3293s, Rerank占比(总): 1.18%, Rerank占比(检): 1.82%
题号: moral_scenarios_251, 正确: False, 检索: 4.6766s, Rerank: 0.0873s, 生成: 2.5059s, 首字: 7.3445s, Rerank占比(总): 1.19%, Rerank占比(检): 1.83%
题号: moral_scenarios_252, 正确: False, 检索: 4.6516s, Rerank: 0.0862s, 生成: 2.5073s, 首字: 7.3168s, Rerank占比(总): 1.18%, Rerank占比(检): 1.82%
题号: moral_scenarios_253, 正确: False, 检索: 4.6707s, Rerank: 0.0883s, 生成: 2.5014s, 首字: 7.3322s, Rerank占比(总): 1.20%, Rerank占比(检): 1.86%
题号: moral_scenarios_254, 正确: False, 检索: 4.6812s, Rerank: 0.0875s, 生成: 2.5070s, 首字: 7.3485s, Rerank占比(总): 1.19%, Rerank占比(检): 1.84%
题号: moral_scenarios_255, 正确: False, 检索: 4.6722s, Rerank: 0.0869s, 生成: 2.5095s, 首字: 7.3396s, Rerank占比(总): 1.18%, Rerank占比(检): 1.83%
题号: moral_scenarios_256, 正确: False, 检索: 4.6993s, Rerank: 0.0874s, 生成: 2.5069s, 首字: 7.3656s, Rerank占比(总): 1.19%, Rerank占比(检): 1.83%
题号: moral_scenarios_257, 正确: False, 检索: 4.7007s, Rerank: 0.0877s, 生成: 2.5049s, 首字: 7.3648s, Rerank占比(总): 1.19%, Rerank占比(检): 1.83%
题号: moral_scenarios_258, 正确: False, 检索: 4.7126s, Rerank: 0.0864s, 生成: 2.5163s, 首字: 7.3854s, Rerank占比(总): 1.17%, Rerank占比(检): 1.80%
题号: moral_scenarios_259, 正确: False, 检索: 4.7996s, Rerank: 0.0864s, 生成: 2.5201s, 首字: 7.4770s, Rerank占比(总): 1.16%, Rerank占比(检): 1.77%
题号: moral_scenarios_260, 正确: False, 检索: 4.7456s, Rerank: 0.0851s, 生成: 2.4808s, 首字: 7.3907s, Rerank占比(总): 1.15%, Rerank占比(检): 1.76%
题号: moral_scenarios_261, 正确: False, 检索: 3.7241s, Rerank: 0.0843s, 生成: 2.4861s, 首字: 6.3643s, Rerank占比(总): 1.32%, Rerank占比(检): 2.21%
题号: moral_scenarios_262, 正确: False, 检索: 3.7160s, Rerank: 0.0846s, 生成: 2.4610s, 首字: 6.3307s, Rerank占比(总): 1.34%, Rerank占比(检): 2.23%
题号: moral_scenarios_263, 正确: False, 检索: 3.7930s, Rerank: 0.0843s, 生成: 2.4820s, 首字: 6.4290s, Rerank占比(总): 1.31%, Rerank占比(检): 2.17%
题号: moral_scenarios_264, 正确: False, 检索: 3.6611s, Rerank: 0.0835s, 生成: 2.4247s, 首字: 6.2391s, Rerank占比(总): 1.34%, Rerank占比(检): 2.23%
题号: moral_scenarios_265, 正确: False, 检索: 3.6271s, Rerank: 0.0850s, 生成: 2.4223s, 首字: 6.2036s, Rerank占比(总): 1.37%, Rerank占比(检): 2.29%
题号: moral_scenarios_266, 正确: False, 检索: 3.6179s, Rerank: 0.0837s, 生成: 2.4302s, 首字: 6.2027s, Rerank占比(总): 1.35%, Rerank占比(检): 2.26%
题号: moral_scenarios_267, 正确: False, 检索: 3.6222s, Rerank: 0.0843s, 生成: 2.4266s, 首字: 6.2015s, Rerank占比(总): 1.36%, Rerank占比(检): 2.27%
题号: moral_scenarios_268, 正确: False, 检索: 3.5889s, Rerank: 0.0835s, 生成: 2.4261s, 首字: 6.1665s, Rerank占比(总): 1.35%, Rerank占比(检): 2.27%
题号: moral_scenarios_269, 正确: False, 检索: 3.5896s, Rerank: 0.0833s, 生成: 2.5026s, 首字: 6.2455s, Rerank占比(总): 1.33%, Rerank占比(检): 2.27%
题号: moral_scenarios_270, 正确: False, 检索: 3.7099s, Rerank: 0.0835s, 生成: 2.4850s, 首字: 6.3481s, Rerank占比(总): 1.32%, Rerank占比(检): 2.20%
题号: moral_scenarios_271, 正确: False, 检索: 4.6914s, Rerank: 0.0863s, 生成: 2.5047s, 首字: 7.3549s, Rerank占比(总): 1.17%, Rerank占比(检): 1.81%
题号: moral_scenarios_272, 正确: True, 检索: 4.6890s, Rerank: 0.0869s, 生成: 2.5032s, 首字: 7.3514s, Rerank占比(总): 1.18%, Rerank占比(检): 1.82%
题号: moral_scenarios_273, 正确: False, 检索: 4.9033s, Rerank: 0.0873s, 生成: 2.5809s, 首字: 7.6430s, Rerank占比(总): 1.14%, Rerank占比(检): 1.75%
题号: moral_scenarios_274, 正确: False, 检索: 4.8502s, Rerank: 0.0880s, 生成: 2.5096s, 首字: 7.5189s, Rerank占比(总): 1.17%, Rerank占比(检): 1.78%
题号: moral_scenarios_275, 正确: False, 检索: 4.6286s, Rerank: 0.0867s, 生成: 2.5091s, 首字: 7.2950s, Rerank占比(总): 1.19%, Rerank占比(检): 1.84%
题号: moral_scenarios_276, 正确: False, 检索: 4.7872s, Rerank: 0.0867s, 生成: 2.5033s, 首字: 7.4478s, Rerank占比(总): 1.16%, Rerank占比(检): 1.78%
题号: moral_scenarios_277, 正确: False, 检索: 3.8133s, Rerank: 0.0895s, 生成: 2.5554s, 首字: 6.5271s, Rerank占比(总): 1.37%, Rerank占比(检): 2.29%
题号: moral_scenarios_278, 正确: False, 检索: 3.6439s, Rerank: 0.0842s, 生成: 2.4356s, 首字: 6.2342s, Rerank占比(总): 1.35%, Rerank占比(检): 2.26%
题号: moral_scenarios_279, 正确: False, 检索: 3.6217s, Rerank: 0.0845s, 生成: 2.5030s, 首字: 6.2792s, Rerank占比(总): 1.35%, Rerank占比(检): 2.28%
题号: moral_scenarios_280, 正确: False, 检索: 4.6404s, Rerank: 0.0869s, 生成: 2.5097s, 首字: 7.3072s, Rerank占比(总): 1.19%, Rerank占比(检): 1.84%
题号: moral_scenarios_281, 正确: True, 检索: 4.6738s, Rerank: 0.0863s, 生成: 2.5076s, 首字: 7.3387s, Rerank占比(总): 1.18%, Rerank占比(检): 1.81%
题号: moral_scenarios_282, 正确: False, 检索: 4.7205s, Rerank: 0.0868s, 生成: 2.5033s, 首字: 7.3825s, Rerank占比(总): 1.18%, Rerank占比(检): 1.81%
题号: moral_scenarios_283, 正确: False, 检索: 4.6914s, Rerank: 0.0866s, 生成: 2.5045s, 首字: 7.3534s, Rerank占比(总): 1.18%, Rerank占比(检): 1.81%
题号: moral_scenarios_284, 正确: True, 检索: 4.7056s, Rerank: 0.0878s, 生成: 2.5022s, 首字: 7.3675s, Rerank占比(总): 1.19%, Rerank占比(检): 1.83%
题号: moral_scenarios_285, 正确: False, 检索: 4.7458s, Rerank: 0.0868s, 生成: 2.4991s, 首字: 7.4053s, Rerank占比(总): 1.17%, Rerank占比(检): 1.80%
题号: moral_scenarios_286, 正确: False, 检索: 4.7056s, Rerank: 0.0880s, 生成: 2.5071s, 首字: 7.3724s, Rerank占比(总): 1.19%, Rerank占比(检): 1.83%
题号: moral_scenarios_287, 正确: True, 检索: 4.7353s, Rerank: 0.0863s, 生成: 2.5100s, 首字: 7.4019s, Rerank占比(总): 1.17%, Rerank占比(检): 1.79%
题号: moral_scenarios_288, 正确: False, 检索: 4.6703s, Rerank: 0.0879s, 生成: 2.5165s, 首字: 7.3460s, Rerank占比(总): 1.20%, Rerank占比(检): 1.85%
题号: moral_scenarios_289, 正确: False, 检索: 4.6515s, Rerank: 0.0862s, 生成: 2.5130s, 首字: 7.3212s, Rerank占比(总): 1.18%, Rerank占比(检): 1.82%
题号: moral_scenarios_290, 正确: True, 检索: 4.6475s, Rerank: 0.0866s, 生成: 2.5107s, 首字: 7.3165s, Rerank占比(总): 1.18%, Rerank占比(检): 1.83%
题号: moral_scenarios_291, 正确: False, 检索: 4.7079s, Rerank: 0.0868s, 生成: 2.5076s, 首字: 7.3735s, Rerank占比(总): 1.18%, Rerank占比(检): 1.81%
题号: moral_scenarios_292, 正确: True, 检索: 4.6628s, Rerank: 0.0869s, 生成: 2.5088s, 首字: 7.3310s, Rerank占比(总): 1.19%, Rerank占比(检): 1.83%
题号: moral_scenarios_293, 正确: False, 检索: 4.6780s, Rerank: 0.0867s, 生成: 2.5113s, 首字: 7.3467s, Rerank占比(总): 1.18%, Rerank占比(检): 1.82%
题号: moral_scenarios_294, 正确: True, 检索: 4.7244s, Rerank: 0.0873s, 生成: 2.5042s, 首字: 7.3878s, Rerank占比(总): 1.18%, Rerank占比(检): 1.81%
题号: moral_scenarios_295, 正确: False, 检索: 4.6613s, Rerank: 0.0869s, 生成: 2.5146s, 首字: 7.3341s, Rerank占比(总): 1.18%, Rerank占比(检): 1.83%
题号: moral_scenarios_296, 正确: False, 检索: 4.7433s, Rerank: 0.0877s, 生成: 2.5145s, 首字: 7.4167s, Rerank占比(总): 1.18%, Rerank占比(检): 1.82%
题号: moral_scenarios_297, 正确: False, 检索: 4.6376s, Rerank: 0.0870s, 生成: 2.5107s, 首字: 7.3095s, Rerank占比(总): 1.19%, Rerank占比(检): 1.84%
题号: moral_scenarios_298, 正确: False, 检索: 4.6545s, Rerank: 0.0873s, 生成: 2.5125s, 首字: 7.3268s, Rerank占比(总): 1.19%, Rerank占比(检): 1.84%
题号: moral_scenarios_299, 正确: False, 检索: 4.7384s, Rerank: 0.0878s, 生成: 2.5114s, 首字: 7.4090s, Rerank占比(总): 1.19%, Rerank占比(检): 1.82%
题号: moral_scenarios_300, 正确: False, 检索: 4.7102s, Rerank: 0.0880s, 生成: 2.5135s, 首字: 7.3824s, Rerank占比(总): 1.19%, Rerank占比(检): 1.83%
题号: moral_scenarios_301, 正确: False, 检索: 4.6992s, Rerank: 0.0871s, 生成: 2.5099s, 首字: 7.3679s, Rerank占比(总): 1.18%, Rerank占比(检): 1.82%
题号: moral_scenarios_302, 正确: False, 检索: 4.7013s, Rerank: 0.0880s, 生成: 2.5049s, 首字: 7.3655s, Rerank占比(总): 1.19%, Rerank占比(检): 1.84%
题号: moral_scenarios_303, 正确: False, 检索: 4.7542s, Rerank: 0.0871s, 生成: 2.5054s, 首字: 7.4189s, Rerank占比(总): 1.17%, Rerank占比(检): 1.80%
题号: moral_scenarios_304, 正确: True, 检索: 4.6693s, Rerank: 0.0877s, 生成: 2.5132s, 首字: 7.3408s, Rerank占比(总): 1.19%, Rerank占比(检): 1.84%
题号: moral_scenarios_305, 正确: True, 检索: 4.6606s, Rerank: 0.0882s, 生成: 2.5101s, 首字: 7.3327s, Rerank占比(总): 1.20%, Rerank占比(检): 1.86%
题号: moral_scenarios_306, 正确: True, 检索: 4.6986s, Rerank: 0.0867s, 生成: 2.5128s, 首字: 7.3681s, Rerank占比(总): 1.18%, Rerank占比(检): 1.81%
题号: moral_scenarios_307, 正确: False, 检索: 4.7120s, Rerank: 0.0880s, 生成: 2.5067s, 首字: 7.3771s, Rerank占比(总): 1.19%, Rerank占比(检): 1.83%
题号: moral_scenarios_308, 正确: False, 检索: 4.7042s, Rerank: 0.0869s, 生成: 2.5102s, 首字: 7.3724s, Rerank占比(总): 1.18%, Rerank占比(检): 1.81%
题号: moral_scenarios_309, 正确: False, 检索: 4.7179s, Rerank: 0.0866s, 生成: 2.5088s, 首字: 7.3844s, Rerank占比(总): 1.17%, Rerank占比(检): 1.80%
题号: moral_scenarios_310, 正确: False, 检索: 4.6701s, Rerank: 0.0877s, 生成: 2.5058s, 首字: 7.3343s, Rerank占比(总): 1.20%, Rerank占比(检): 1.84%
题号: moral_scenarios_311, 正确: False, 检索: 4.7005s, Rerank: 0.0876s, 生成: 2.5140s, 首字: 7.3731s, Rerank占比(总): 1.19%, Rerank占比(检): 1.83%
题号: moral_scenarios_312, 正确: False, 检索: 4.6989s, Rerank: 0.0867s, 生成: 2.5192s, 首字: 7.3766s, Rerank占比(总): 1.17%, Rerank占比(检): 1.81%
题号: moral_scenarios_313, 正确: False, 检索: 4.7517s, Rerank: 0.0881s, 生成: 2.5110s, 首字: 7.4220s, Rerank占比(总): 1.19%, Rerank占比(检): 1.82%
题号: moral_scenarios_314, 正确: False, 检索: 4.8590s, Rerank: 0.0870s, 生成: 2.5058s, 首字: 7.5218s, Rerank占比(总): 1.16%, Rerank占比(检): 1.76%
题号: moral_scenarios_315, 正确: False, 检索: 4.7424s, Rerank: 0.0880s, 生成: 2.5136s, 首字: 7.4166s, Rerank占比(总): 1.19%, Rerank占比(检): 1.82%
题号: moral_scenarios_316, 正确: False, 检索: 4.7194s, Rerank: 0.0878s, 生成: 2.5188s, 首字: 7.3966s, Rerank占比(总): 1.19%, Rerank占比(检): 1.83%
题号: moral_scenarios_317, 正确: False, 检索: 4.6953s, Rerank: 0.0879s, 生成: 2.5130s, 首字: 7.3672s, Rerank占比(总): 1.19%, Rerank占比(检): 1.84%
题号: moral_scenarios_318, 正确: False, 检索: 4.6717s, Rerank: 0.0873s, 生成: 2.5116s, 首字: 7.3417s, Rerank占比(总): 1.19%, Rerank占比(检): 1.84%
题号: moral_scenarios_319, 正确: False, 检索: 4.7233s, Rerank: 0.0873s, 生成: 2.5206s, 首字: 7.4042s, Rerank占比(总): 1.18%, Rerank占比(检): 1.82%
题号: moral_scenarios_320, 正确: True, 检索: 4.7120s, Rerank: 0.0875s, 生成: 2.5192s, 首字: 7.3899s, Rerank占比(总): 1.18%, Rerank占比(检): 1.82%
题号: moral_scenarios_321, 正确: False, 检索: 4.7253s, Rerank: 0.0876s, 生成: 2.5155s, 首字: 7.4003s, Rerank占比(总): 1.18%, Rerank占比(检): 1.82%
题号: moral_scenarios_322, 正确: True, 检索: 4.7011s, Rerank: 0.0867s, 生成: 2.5138s, 首字: 7.3723s, Rerank占比(总): 1.18%, Rerank占比(检): 1.81%
题号: moral_scenarios_323, 正确: True, 检索: 4.6888s, Rerank: 0.0877s, 生成: 2.5161s, 首字: 7.3650s, Rerank占比(总): 1.19%, Rerank占比(检): 1.84%
题号: moral_scenarios_324, 正确: True, 检索: 4.7113s, Rerank: 0.0870s, 生成: 2.5182s, 首字: 7.3880s, Rerank占比(总): 1.18%, Rerank占比(检): 1.81%
题号: moral_scenarios_325, 正确: False, 检索: 4.6954s, Rerank: 0.0873s, 生成: 2.5156s, 首字: 7.3691s, Rerank占比(总): 1.19%, Rerank占比(检): 1.83%
题号: moral_scenarios_326, 正确: False, 检索: 4.7366s, Rerank: 0.0868s, 生成: 2.5106s, 首字: 7.4055s, Rerank占比(总): 1.17%, Rerank占比(检): 1.80%
题号: moral_scenarios_327, 正确: False, 检索: 4.7584s, Rerank: 0.0874s, 生成: 2.5136s, 首字: 7.4314s, Rerank占比(总): 1.18%, Rerank占比(检): 1.80%
题号: moral_scenarios_328, 正确: False, 检索: 4.7255s, Rerank: 0.0866s, 生成: 2.5099s, 首字: 7.3932s, Rerank占比(总): 1.17%, Rerank占比(检): 1.80%
题号: moral_scenarios_329, 正确: False, 检索: 4.7461s, Rerank: 0.0875s, 生成: 2.5197s, 首字: 7.4246s, Rerank占比(总): 1.18%, Rerank占比(检): 1.81%
题号: moral_scenarios_330, 正确: False, 检索: 4.7378s, Rerank: 0.0867s, 生成: 2.5122s, 首字: 7.4086s, Rerank占比(总): 1.17%, Rerank占比(检): 1.80%
题号: moral_scenarios_331, 正确: False, 检索: 4.7084s, Rerank: 0.0868s, 生成: 2.5160s, 首字: 7.3814s, Rerank占比(总): 1.18%, Rerank占比(检): 1.81%
题号: moral_scenarios_332, 正确: False, 检索: 4.7130s, Rerank: 0.0882s, 生成: 2.5094s, 首字: 7.3815s, Rerank占比(总): 1.19%, Rerank占比(检): 1.84%
题号: moral_scenarios_333, 正确: False, 检索: 4.7077s, Rerank: 0.0866s, 生成: 2.5071s, 首字: 7.3729s, Rerank占比(总): 1.17%, Rerank占比(检): 1.81%
题号: moral_scenarios_334, 正确: True, 检索: 4.7214s, Rerank: 0.0869s, 生成: 2.5103s, 首字: 7.3898s, Rerank占比(总): 1.18%, Rerank占比(检): 1.81%
题号: moral_scenarios_335, 正确: False, 检索: 4.7384s, Rerank: 0.0880s, 生成: 2.5132s, 首字: 7.4108s, Rerank占比(总): 1.19%, Rerank占比(检): 1.82%
题号: moral_scenarios_336, 正确: False, 检索: 4.7148s, Rerank: 0.0892s, 生成: 2.5154s, 首字: 7.3918s, Rerank占比(总): 1.21%, Rerank占比(检): 1.86%
题号: moral_scenarios_337, 正确: False, 检索: 4.7311s, Rerank: 0.0873s, 生成: 2.5139s, 首字: 7.4044s, Rerank占比(总): 1.18%, Rerank占比(检): 1.81%
题号: moral_scenarios_338, 正确: True, 检索: 4.7188s, Rerank: 0.0866s, 生成: 2.5161s, 首字: 7.3927s, Rerank占比(总): 1.17%, Rerank占比(检): 1.80%
题号: moral_scenarios_339, 正确: False, 检索: 4.7176s, Rerank: 0.0872s, 生成: 2.5113s, 首字: 7.3861s, Rerank占比(总): 1.18%, Rerank占比(检): 1.82%
题号: moral_scenarios_340, 正确: False, 检索: 4.7307s, Rerank: 0.0868s, 生成: 2.5119s, 首字: 7.4010s, Rerank占比(总): 1.17%, Rerank占比(检): 1.80%
题号: moral_scenarios_341, 正确: False, 检索: 4.7442s, Rerank: 0.0864s, 生成: 2.5181s, 首字: 7.4198s, Rerank占比(总): 1.16%, Rerank占比(检): 1.79%
题号: moral_scenarios_342, 正确: False, 检索: 4.6962s, Rerank: 0.0876s, 生成: 2.5133s, 首字: 7.3675s, Rerank占比(总): 1.19%, Rerank占比(检): 1.83%
题号: moral_scenarios_343, 正确: False, 检索: 4.6751s, Rerank: 0.0875s, 生成: 2.5120s, 首字: 7.3451s, Rerank占比(总): 1.19%, Rerank占比(检): 1.84%
题号: moral_scenarios_344, 正确: False, 检索: 4.6994s, Rerank: 0.0879s, 生成: 2.5107s, 首字: 7.3699s, Rerank占比(总): 1.19%, Rerank占比(检): 1.84%
题号: moral_scenarios_345, 正确: True, 检索: 4.7467s, Rerank: 0.0876s, 生成: 2.5113s, 首字: 7.4174s, Rerank占比(总): 1.18%, Rerank占比(检): 1.81%
题号: moral_scenarios_346, 正确: False, 检索: 4.6751s, Rerank: 0.0879s, 生成: 2.4725s, 首字: 7.3060s, Rerank占比(总): 1.20%, Rerank占比(检): 1.85%
题号: moral_scenarios_347, 正确: False, 检索: 3.7447s, Rerank: 0.0877s, 生成: 2.5325s, 首字: 6.4361s, Rerank占比(总): 1.36%, Rerank占比(检): 2.29%
题号: moral_scenarios_348, 正确: False, 检索: 4.7290s, Rerank: 0.0896s, 生成: 2.5620s, 首字: 7.4551s, Rerank占比(总): 1.20%, Rerank占比(检): 1.86%
题号: moral_scenarios_349, 正确: False, 检索: 4.2445s, Rerank: 0.0844s, 生成: 2.4791s, 首字: 6.8772s, Rerank占比(总): 1.23%, Rerank占比(检): 1.95%
题号: moral_scenarios_350, 正确: True, 检索: 3.7199s, Rerank: 0.0844s, 生成: 2.4816s, 首字: 6.3561s, Rerank占比(总): 1.33%, Rerank占比(检): 2.22%
题号: moral_scenarios_351, 正确: False, 检索: 3.6799s, Rerank: 0.0840s, 生成: 2.4929s, 首字: 6.3257s, Rerank占比(总): 1.33%, Rerank占比(检): 2.23%
题号: moral_scenarios_352, 正确: False, 检索: 3.6310s, Rerank: 0.0834s, 生成: 2.4302s, 首字: 6.2134s, Rerank占比(总): 1.34%, Rerank占比(检): 2.24%
题号: moral_scenarios_353, 正确: False, 检索: 3.6288s, Rerank: 0.0838s, 生成: 2.4274s, 首字: 6.2097s, Rerank占比(总): 1.35%, Rerank占比(检): 2.26%
题号: moral_scenarios_354, 正确: False, 检索: 3.6186s, Rerank: 0.0835s, 生成: 2.4263s, 首字: 6.1981s, Rerank占比(总): 1.35%, Rerank占比(检): 2.25%
题号: moral_scenarios_355, 正确: False, 检索: 3.6186s, Rerank: 0.0838s, 生成: 2.4264s, 首字: 6.1974s, Rerank占比(总): 1.35%, Rerank占比(检): 2.26%
题号: moral_scenarios_356, 正确: False, 检索: 3.5978s, Rerank: 0.0837s, 生成: 2.4252s, 首字: 6.1770s, Rerank占比(总): 1.35%, Rerank占比(检): 2.27%
题号: moral_scenarios_357, 正确: False, 检索: 3.6253s, Rerank: 0.0837s, 生成: 2.4254s, 首字: 6.2027s, Rerank占比(总): 1.35%, Rerank占比(检): 2.26%
题号: moral_scenarios_358, 正确: False, 检索: 3.6195s, Rerank: 0.0839s, 生成: 2.4273s, 首字: 6.2008s, Rerank占比(总): 1.35%, Rerank占比(检): 2.27%
题号: moral_scenarios_359, 正确: False, 检索: 3.6293s, Rerank: 0.0842s, 生成: 2.4260s, 首字: 6.2086s, Rerank占比(总): 1.36%, Rerank占比(检): 2.27%
题号: moral_scenarios_360, 正确: True, 检索: 3.6193s, Rerank: 0.0836s, 生成: 2.4310s, 首字: 6.2022s, Rerank占比(总): 1.35%, Rerank占比(检): 2.26%
题号: moral_scenarios_361, 正确: True, 检索: 3.6380s, Rerank: 0.0842s, 生成: 2.4265s, 首字: 6.2185s, Rerank占比(总): 1.35%, Rerank占比(检): 2.26%
题号: moral_scenarios_362, 正确: True, 检索: 3.6171s, Rerank: 0.0836s, 生成: 2.4253s, 首字: 6.1944s, Rerank占比(总): 1.35%, Rerank占比(检): 2.26%
题号: moral_scenarios_363, 正确: False, 检索: 4.1808s, Rerank: 0.0860s, 生成: 2.5048s, 首字: 6.8423s, Rerank占比(总): 1.26%, Rerank占比(检): 2.02%
题号: moral_scenarios_364, 正确: False, 检索: 4.6459s, Rerank: 0.0858s, 生成: 2.5036s, 首字: 7.3074s, Rerank占比(总): 1.17%, Rerank占比(检): 1.81%
题号: moral_scenarios_365, 正确: False, 检索: 4.6908s, Rerank: 0.0867s, 生成: 2.5030s, 首字: 7.3527s, Rerank占比(总): 1.18%, Rerank占比(检): 1.81%
题号: moral_scenarios_366, 正确: False, 检索: 4.6822s, Rerank: 0.0862s, 生成: 2.5123s, 首字: 7.3514s, Rerank占比(总): 1.17%, Rerank占比(检): 1.81%
题号: moral_scenarios_367, 正确: True, 检索: 4.6656s, Rerank: 0.0859s, 生成: 2.5117s, 首字: 7.3344s, Rerank占比(总): 1.17%, Rerank占比(检): 1.81%
题号: moral_scenarios_368, 正确: False, 检索: 4.6794s, Rerank: 0.0859s, 生成: 2.5062s, 首字: 7.3438s, Rerank占比(总): 1.17%, Rerank占比(检): 1.80%
题号: moral_scenarios_369, 正确: False, 检索: 4.6965s, Rerank: 0.0860s, 生成: 2.5058s, 首字: 7.3624s, Rerank占比(总): 1.17%, Rerank占比(检): 1.80%
题号: moral_scenarios_370, 正确: False, 检索: 4.7145s, Rerank: 0.0862s, 生成: 2.5091s, 首字: 7.3810s, Rerank占比(总): 1.17%, Rerank占比(检): 1.80%
题号: moral_scenarios_371, 正确: False, 检索: 4.6637s, Rerank: 0.0885s, 生成: 2.5074s, 首字: 7.3313s, Rerank占比(总): 1.21%, Rerank占比(检): 1.86%
题号: moral_scenarios_372, 正确: False, 检索: 4.6980s, Rerank: 0.0868s, 生成: 2.5045s, 首字: 7.3601s, Rerank占比(总): 1.18%, Rerank占比(检): 1.82%
题号: moral_scenarios_373, 正确: False, 检索: 4.6835s, Rerank: 0.0864s, 生成: 2.5074s, 首字: 7.3494s, Rerank占比(总): 1.18%, Rerank占比(检): 1.81%
题号: moral_scenarios_374, 正确: False, 检索: 4.6810s, Rerank: 0.0861s, 生成: 2.5079s, 首字: 7.3467s, Rerank占比(总): 1.17%, Rerank占比(检): 1.81%
题号: moral_scenarios_375, 正确: False, 检索: 4.7347s, Rerank: 0.0868s, 生成: 2.5106s, 首字: 7.4048s, Rerank占比(总): 1.17%, Rerank占比(检): 1.80%
题号: moral_scenarios_376, 正确: False, 检索: 4.6890s, Rerank: 0.0866s, 生成: 2.5112s, 首字: 7.3590s, Rerank占比(总): 1.18%, Rerank占比(检): 1.81%
题号: moral_scenarios_377, 正确: False, 检索: 4.7124s, Rerank: 0.0870s, 生成: 2.5071s, 首字: 7.3771s, Rerank占比(总): 1.18%, Rerank占比(检): 1.81%
题号: moral_scenarios_378, 正确: False, 检索: 4.7333s, Rerank: 0.0879s, 生成: 2.5517s, 首字: 7.4455s, Rerank占比(总): 1.18%, Rerank占比(检): 1.82%
题号: moral_scenarios_379, 正确: True, 检索: 4.7606s, Rerank: 0.0872s, 生成: 2.5098s, 首字: 7.4290s, Rerank占比(总): 1.17%, Rerank占比(检): 1.80%
题号: moral_scenarios_380, 正确: False, 检索: 4.6501s, Rerank: 0.0873s, 生成: 2.5133s, 首字: 7.3217s, Rerank占比(总): 1.19%, Rerank占比(检): 1.84%
题号: moral_scenarios_381, 正确: False, 检索: 4.7537s, Rerank: 0.0871s, 生成: 2.5123s, 首字: 7.4233s, Rerank占比(总): 1.17%, Rerank占比(检): 1.80%
题号: moral_scenarios_382, 正确: True, 检索: 4.6406s, Rerank: 0.0867s, 生成: 2.5594s, 首字: 7.3575s, Rerank占比(总): 1.18%, Rerank占比(检): 1.83%
题号: moral_scenarios_383, 正确: False, 检索: 4.7080s, Rerank: 0.1005s, 生成: 2.5091s, 首字: 7.3990s, Rerank占比(总): 1.36%, Rerank占比(检): 2.09%
题号: moral_scenarios_384, 正确: False, 检索: 3.7217s, Rerank: 0.0854s, 生成: 2.4370s, 首字: 6.3150s, Rerank占比(总): 1.35%, Rerank占比(检): 2.24%
题号: moral_scenarios_385, 正确: False, 检索: 3.6759s, Rerank: 0.0873s, 生成: 2.5752s, 首字: 6.4091s, Rerank占比(总): 1.36%, Rerank占比(检): 2.32%
题号: moral_scenarios_386, 正确: False, 检索: 3.6828s, Rerank: 0.0835s, 生成: 2.6598s, 首字: 6.4953s, Rerank占比(总): 1.29%, Rerank占比(检): 2.22%
题号: moral_scenarios_387, 正确: False, 检索: 3.6887s, Rerank: 0.0841s, 生成: 2.4953s, 首字: 6.3375s, Rerank占比(总): 1.33%, Rerank占比(检): 2.23%
题号: moral_scenarios_388, 正确: False, 检索: 3.6845s, Rerank: 0.0872s, 生成: 2.5113s, 首字: 6.3538s, Rerank占比(总): 1.37%, Rerank占比(检): 2.31%
题号: moral_scenarios_389, 正确: False, 检索: 3.6801s, Rerank: 0.0841s, 生成: 2.4253s, 首字: 6.2744s, Rerank占比(总): 1.34%, Rerank占比(检): 2.23%
题号: moral_scenarios_390, 正确: False, 检索: 3.7161s, Rerank: 0.0851s, 生成: 2.4679s, 首字: 6.3392s, Rerank占比(总): 1.34%, Rerank占比(检): 2.24%
题号: moral_scenarios_391, 正确: False, 检索: 3.7149s, Rerank: 0.0887s, 生成: 2.5046s, 首字: 6.3782s, Rerank占比(总): 1.39%, Rerank占比(检): 2.33%
题号: moral_scenarios_392, 正确: False, 检索: 3.6299s, Rerank: 0.0848s, 生成: 2.4344s, 首字: 6.2176s, Rerank占比(总): 1.36%, Rerank占比(检): 2.28%
题号: moral_scenarios_393, 正确: False, 检索: 4.2983s, Rerank: 0.0860s, 生成: 2.5120s, 首字: 6.9672s, Rerank占比(总): 1.23%, Rerank占比(检): 1.96%
题号: moral_scenarios_394, 正确: False, 检索: 4.6818s, Rerank: 0.0862s, 生成: 2.5114s, 首字: 7.3511s, Rerank占比(总): 1.17%, Rerank占比(检): 1.81%
题号: moral_scenarios_395, 正确: False, 检索: 4.6973s, Rerank: 0.0867s, 生成: 2.5095s, 首字: 7.3648s, Rerank占比(总): 1.18%, Rerank占比(检): 1.81%
题号: moral_scenarios_396, 正确: False, 检索: 4.7056s, Rerank: 0.0864s, 生成: 2.5129s, 首字: 7.3760s, Rerank占比(总): 1.17%, Rerank占比(检): 1.80%
题号: moral_scenarios_397, 正确: False, 检索: 4.6021s, Rerank: 0.0861s, 生成: 2.5055s, 首字: 7.2657s, Rerank占比(总): 1.18%, Rerank占比(检): 1.84%
题号: moral_scenarios_398, 正确: False, 检索: 4.6537s, Rerank: 0.0877s, 生成: 2.5015s, 首字: 7.3139s, Rerank占比(总): 1.20%, Rerank占比(检): 1.85%
题号: moral_scenarios_399, 正确: True, 检索: 4.6464s, Rerank: 0.0864s, 生成: 2.5061s, 首字: 7.3099s, Rerank占比(总): 1.18%, Rerank占比(检): 1.83%

📊 数据集 moral_scenarios 评测完成，统计结果如下：
 🟢 总正确率: 0.2100 (84/400)
 ⏱️ 平均每题 Rerank 耗时: 0.0863 秒
 ⏱️ 平均每题 首字延迟: 6.9557 秒
 📊 平均 Rerank耗时/总耗时比值: 0.0125
 📊 平均 Rerank耗时/检索耗时比值: 0.0199
 📉 重排耗时方差 (Variance): 0.000008 (s²)
 📏 重排耗时标准差 (Std): 0.002810 (s)

==================== 正在评测数据集: psychology ====================
✅ 选取了 400 道题目 (数据集共 400 道)
题号: psychology_0, 正确: True, 检索: 4.6807s, Rerank: 0.0859s, 生成: 2.5075s, 首字: 7.3453s, Rerank占比(总): 1.17%, Rerank占比(检): 1.80%
题号: psychology_1, 正确: True, 检索: 4.6516s, Rerank: 0.0864s, 生成: 2.5054s, 首字: 7.3141s, Rerank占比(总): 1.18%, Rerank占比(检): 1.82%
题号: psychology_2, 正确: False, 检索: 4.6527s, Rerank: 0.0857s, 生成: 2.5129s, 首字: 7.3223s, Rerank占比(总): 1.17%, Rerank占比(检): 1.81%
题号: psychology_3, 正确: True, 检索: 4.5910s, Rerank: 0.0861s, 生成: 2.5113s, 首字: 7.2619s, Rerank占比(总): 1.19%, Rerank占比(检): 1.84%
题号: psychology_4, 正确: False, 检索: 4.6531s, Rerank: 0.0865s, 生成: 2.5072s, 首字: 7.3179s, Rerank占比(总): 1.18%, Rerank占比(检): 1.82%
题号: psychology_5, 正确: False, 检索: 4.6319s, Rerank: 0.0854s, 生成: 2.5085s, 首字: 7.2986s, Rerank占比(总): 1.17%, Rerank占比(检): 1.81%
题号: psychology_6, 正确: True, 检索: 4.6085s, Rerank: 0.0857s, 生成: 2.5048s, 首字: 7.2700s, Rerank占比(总): 1.18%, Rerank占比(检): 1.83%
题号: psychology_7, 正确: False, 检索: 4.6608s, Rerank: 0.0858s, 生成: 2.5024s, 首字: 7.3207s, Rerank占比(总): 1.17%, Rerank占比(检): 1.81%
题号: psychology_8, 正确: False, 检索: 4.6417s, Rerank: 0.0856s, 生成: 2.5069s, 首字: 7.3048s, Rerank占比(总): 1.17%, Rerank占比(检): 1.81%
题号: psychology_9, 正确: False, 检索: 4.6774s, Rerank: 0.0862s, 生成: 2.5088s, 首字: 7.3444s, Rerank占比(总): 1.17%, Rerank占比(检): 1.81%
题号: psychology_10, 正确: False, 检索: 4.6689s, Rerank: 0.0861s, 生成: 2.5145s, 首字: 7.3405s, Rerank占比(总): 1.17%, Rerank占比(检): 1.81%
题号: psychology_11, 正确: False, 检索: 4.7011s, Rerank: 0.0860s, 生成: 2.5385s, 首字: 7.3979s, Rerank占比(总): 1.16%, Rerank占比(检): 1.80%
题号: psychology_12, 正确: False, 检索: 4.7427s, Rerank: 0.0882s, 生成: 2.5388s, 首字: 7.4444s, Rerank占比(总): 1.18%, Rerank占比(检): 1.83%
题号: psychology_13, 正确: False, 检索: 4.7533s, Rerank: 0.0876s, 生成: 2.5387s, 首字: 7.4516s, Rerank占比(总): 1.18%, Rerank占比(检): 1.81%
题号: psychology_14, 正确: True, 检索: 4.7193s, Rerank: 0.0862s, 生成: 2.5148s, 首字: 7.3928s, Rerank占比(总): 1.17%, Rerank占比(检): 1.79%
题号: psychology_15, 正确: False, 检索: 4.6810s, Rerank: 0.0866s, 生成: 2.5201s, 首字: 7.3586s, Rerank占比(总): 1.18%, Rerank占比(检): 1.82%
题号: psychology_16, 正确: False, 检索: 4.6774s, Rerank: 0.0865s, 生成: 2.5056s, 首字: 7.3439s, Rerank占比(总): 1.18%, Rerank占比(检): 1.82%
题号: psychology_17, 正确: False, 检索: 4.6892s, Rerank: 0.0866s, 生成: 2.5096s, 首字: 7.3564s, Rerank占比(总): 1.18%, Rerank占比(检): 1.81%
题号: psychology_18, 正确: False, 检索: 4.6737s, Rerank: 0.0867s, 生成: 2.5095s, 首字: 7.3438s, Rerank占比(总): 1.18%, Rerank占比(检): 1.82%
题号: psychology_19, 正确: False, 检索: 4.6669s, Rerank: 0.0866s, 生成: 2.5128s, 首字: 7.3403s, Rerank占比(总): 1.18%, Rerank占比(检): 1.82%
题号: psychology_20, 正确: False, 检索: 4.6644s, Rerank: 0.0867s, 生成: 2.5118s, 首字: 7.3356s, Rerank占比(总): 1.18%, Rerank占比(检): 1.83%
题号: psychology_21, 正确: False, 检索: 4.6548s, Rerank: 0.0869s, 生成: 2.5098s, 首字: 7.3233s, Rerank占比(总): 1.19%, Rerank占比(检): 1.83%
题号: psychology_22, 正确: False, 检索: 4.6914s, Rerank: 0.0879s, 生成: 2.5452s, 首字: 7.3998s, Rerank占比(总): 1.19%, Rerank占比(检): 1.84%
题号: psychology_23, 正确: False, 检索: 4.6981s, Rerank: 0.0875s, 生成: 2.5483s, 首字: 7.4052s, Rerank占比(总): 1.18%, Rerank占比(检): 1.83%
题号: psychology_24, 正确: False, 检索: 4.7387s, Rerank: 0.0885s, 生成: 2.5551s, 首字: 7.4591s, Rerank占比(总): 1.19%, Rerank占比(检): 1.83%
题号: psychology_25, 正确: False, 检索: 4.7740s, Rerank: 0.0870s, 生成: 2.5471s, 首字: 7.4803s, Rerank占比(总): 1.16%, Rerank占比(检): 1.79%
题号: psychology_26, 正确: False, 检索: 4.7293s, Rerank: 0.0877s, 生成: 2.5603s, 首字: 7.4504s, Rerank占比(总): 1.18%, Rerank占比(检): 1.82%
题号: psychology_27, 正确: True, 检索: 4.7579s, Rerank: 0.0875s, 生成: 2.5516s, 首字: 7.4695s, Rerank占比(总): 1.17%, Rerank占比(检): 1.81%
题号: psychology_28, 正确: False, 检索: 4.7210s, Rerank: 0.0879s, 生成: 2.5450s, 首字: 7.4253s, Rerank占比(总): 1.18%, Rerank占比(检): 1.83%
题号: psychology_29, 正确: True, 检索: 4.7314s, Rerank: 0.0872s, 生成: 2.5880s, 首字: 7.4782s, Rerank占比(总): 1.17%, Rerank占比(检): 1.81%
题号: psychology_30, 正确: True, 检索: 4.7180s, Rerank: 0.0877s, 生成: 2.4657s, 首字: 7.3434s, Rerank占比(总): 1.19%, Rerank占比(检): 1.82%
题号: psychology_31, 正确: False, 检索: 3.6255s, Rerank: 0.0838s, 生成: 2.4229s, 首字: 6.2021s, Rerank占比(总): 1.35%, Rerank占比(检): 2.26%
题号: psychology_32, 正确: False, 检索: 3.6197s, Rerank: 0.0834s, 生成: 2.4251s, 首字: 6.1979s, Rerank占比(总): 1.35%, Rerank占比(检): 2.25%
题号: psychology_33, 正确: True, 检索: 3.6206s, Rerank: 0.0836s, 生成: 2.4273s, 首字: 6.2008s, Rerank占比(总): 1.35%, Rerank占比(检): 2.26%
题号: psychology_34, 正确: False, 检索: 3.6173s, Rerank: 0.0844s, 生成: 2.4294s, 首字: 6.2036s, Rerank占比(总): 1.36%, Rerank占比(检): 2.28%
题号: psychology_35, 正确: False, 检索: 3.6141s, Rerank: 0.0842s, 生成: 2.4255s, 首字: 6.1971s, Rerank占比(总): 1.36%, Rerank占比(检): 2.28%
题号: psychology_36, 正确: False, 检索: 3.6028s, Rerank: 0.0837s, 生成: 2.4246s, 首字: 6.1813s, Rerank占比(总): 1.35%, Rerank占比(检): 2.27%
题号: psychology_37, 正确: False, 检索: 3.6048s, Rerank: 0.0835s, 生成: 2.4205s, 首字: 6.1779s, Rerank占比(总): 1.35%, Rerank占比(检): 2.26%
题号: psychology_38, 正确: False, 检索: 3.6059s, Rerank: 0.0835s, 生成: 2.4196s, 首字: 6.1781s, Rerank占比(总): 1.35%, Rerank占比(检): 2.26%
题号: psychology_39, 正确: False, 检索: 3.5941s, Rerank: 0.0842s, 生成: 2.4199s, 首字: 6.1678s, Rerank占比(总): 1.36%, Rerank占比(检): 2.29%
题号: psychology_40, 正确: True, 检索: 3.5752s, Rerank: 0.0841s, 生成: 2.5031s, 首字: 6.2336s, Rerank占比(总): 1.35%, Rerank占比(检): 2.30%
题号: psychology_41, 正确: False, 检索: 4.6968s, Rerank: 0.0880s, 生成: 2.5261s, 首字: 7.3850s, Rerank占比(总): 1.19%, Rerank占比(检): 1.84%
题号: psychology_42, 正确: False, 检索: 4.6917s, Rerank: 0.0858s, 生成: 2.5209s, 首字: 7.3706s, Rerank占比(总): 1.16%, Rerank占比(检): 1.80%
题号: psychology_43, 正确: False, 检索: 4.7142s, Rerank: 0.0859s, 生成: 2.5168s, 首字: 7.3879s, Rerank占比(总): 1.16%, Rerank占比(检): 1.79%
题号: psychology_44, 正确: False, 检索: 4.6856s, Rerank: 0.0865s, 生成: 2.5095s, 首字: 7.3543s, Rerank占比(总): 1.18%, Rerank占比(检): 1.81%
题号: psychology_45, 正确: False, 检索: 4.6590s, Rerank: 0.0868s, 生成: 2.5122s, 首字: 7.3301s, Rerank占比(总): 1.18%, Rerank占比(检): 1.83%
题号: psychology_46, 正确: True, 检索: 4.6729s, Rerank: 0.0876s, 生成: 2.5070s, 首字: 7.3401s, Rerank占比(总): 1.19%, Rerank占比(检): 1.84%
题号: psychology_47, 正确: True, 检索: 4.6987s, Rerank: 0.0866s, 生成: 2.5503s, 首字: 7.4092s, Rerank占比(总): 1.17%, Rerank占比(检): 1.81%
题号: psychology_48, 正确: True, 检索: 4.6505s, Rerank: 0.0862s, 生成: 2.5210s, 首字: 7.3320s, Rerank占比(总): 1.18%, Rerank占比(检): 1.82%
题号: psychology_49, 正确: False, 检索: 4.4719s, Rerank: 0.0841s, 生成: 2.4339s, 首字: 7.0585s, Rerank占比(总): 1.19%, Rerank占比(检): 1.85%
题号: psychology_50, 正确: False, 检索: 3.5824s, Rerank: 0.0843s, 生成: 2.4284s, 首字: 6.1648s, Rerank占比(总): 1.37%, Rerank占比(检): 2.30%
题号: psychology_51, 正确: False, 检索: 3.6009s, Rerank: 0.0836s, 生成: 2.4332s, 首字: 6.1882s, Rerank占比(总): 1.35%, Rerank占比(检): 2.27%
题号: psychology_52, 正确: False, 检索: 3.5911s, Rerank: 0.0838s, 生成: 2.4258s, 首字: 6.1698s, Rerank占比(总): 1.36%, Rerank占比(检): 2.28%
题号: psychology_53, 正确: False, 检索: 3.5990s, Rerank: 0.0833s, 生成: 2.4282s, 首字: 6.1809s, Rerank占比(总): 1.35%, Rerank占比(检): 2.26%
题号: psychology_54, 正确: False, 检索: 3.5920s, Rerank: 0.0836s, 生成: 2.4366s, 首字: 6.1816s, Rerank占比(总): 1.35%, Rerank占比(检): 2.27%
题号: psychology_55, 正确: False, 检索: 3.5944s, Rerank: 0.0831s, 生成: 2.4212s, 首字: 6.1686s, Rerank占比(总): 1.35%, Rerank占比(检): 2.26%
题号: psychology_56, 正确: True, 检索: 3.5814s, Rerank: 0.0859s, 生成: 2.4216s, 首字: 6.1588s, Rerank占比(总): 1.40%, Rerank占比(检): 2.34%
题号: psychology_57, 正确: False, 检索: 3.5912s, Rerank: 0.0832s, 生成: 2.4168s, 首字: 6.1612s, Rerank占比(总): 1.35%, Rerank占比(检): 2.26%
题号: psychology_58, 正确: True, 检索: 3.5935s, Rerank: 0.0833s, 生成: 2.4178s, 首字: 6.1651s, Rerank占比(总): 1.35%, Rerank占比(检): 2.27%
题号: psychology_59, 正确: False, 检索: 4.5266s, Rerank: 0.0865s, 生成: 2.5115s, 首字: 7.1952s, Rerank占比(总): 1.20%, Rerank占比(检): 1.87%
题号: psychology_60, 正确: False, 检索: 4.6789s, Rerank: 0.0868s, 生成: 2.5090s, 首字: 7.3509s, Rerank占比(总): 1.18%, Rerank占比(检): 1.82%
题号: psychology_61, 正确: True, 检索: 4.6744s, Rerank: 0.0860s, 生成: 2.5320s, 首字: 7.3620s, Rerank占比(总): 1.17%, Rerank占比(检): 1.81%
题号: psychology_62, 正确: False, 检索: 4.6759s, Rerank: 0.0888s, 生成: 2.6048s, 首字: 7.4432s, Rerank占比(总): 1.19%, Rerank占比(检): 1.86%
题号: psychology_63, 正确: False, 检索: 4.7000s, Rerank: 0.0894s, 生成: 2.6089s, 首字: 7.4719s, Rerank占比(总): 1.20%, Rerank占比(检): 1.87%
题号: psychology_64, 正确: False, 检索: 4.7115s, Rerank: 0.0865s, 生成: 2.5149s, 首字: 7.3853s, Rerank占比(总): 1.17%, Rerank占比(检): 1.80%
题号: psychology_65, 正确: True, 检索: 4.6910s, Rerank: 0.0864s, 生成: 2.5291s, 首字: 7.3864s, Rerank占比(总): 1.17%, Rerank占比(检): 1.81%
题号: psychology_66, 正确: False, 检索: 4.6853s, Rerank: 0.0870s, 生成: 2.5252s, 首字: 7.3701s, Rerank占比(总): 1.18%, Rerank占比(检): 1.82%
题号: psychology_67, 正确: True, 检索: 4.6831s, Rerank: 0.0861s, 生成: 2.5204s, 首字: 7.3603s, Rerank占比(总): 1.17%, Rerank占比(检): 1.80%
题号: psychology_68, 正确: False, 检索: 4.6731s, Rerank: 0.0872s, 生成: 2.5073s, 首字: 7.3399s, Rerank占比(总): 1.19%, Rerank占比(检): 1.83%
题号: psychology_69, 正确: True, 检索: 4.7058s, Rerank: 0.0905s, 生成: 2.6194s, 首字: 7.4884s, Rerank占比(总): 1.21%, Rerank占比(检): 1.89%
题号: psychology_70, 正确: False, 检索: 4.6438s, Rerank: 0.0868s, 生成: 2.5226s, 首字: 7.3243s, Rerank占比(总): 1.19%, Rerank占比(检): 1.83%
题号: psychology_71, 正确: False, 检索: 4.7117s, Rerank: 0.0887s, 生成: 2.5264s, 首字: 7.3996s, Rerank占比(总): 1.20%, Rerank占比(检): 1.85%
题号: psychology_72, 正确: False, 检索: 4.6991s, Rerank: 0.0880s, 生成: 2.5320s, 首字: 7.3913s, Rerank占比(总): 1.19%, Rerank占比(检): 1.84%
题号: psychology_73, 正确: False, 检索: 4.6926s, Rerank: 0.0868s, 生成: 2.5543s, 首字: 7.4038s, Rerank占比(总): 1.17%, Rerank占比(检): 1.82%
题号: psychology_74, 正确: False, 检索: 4.7408s, Rerank: 0.0910s, 生成: 2.5638s, 首字: 7.4685s, Rerank占比(总): 1.22%, Rerank占比(检): 1.88%
题号: psychology_75, 正确: False, 检索: 4.6958s, Rerank: 0.0868s, 生成: 2.5183s, 首字: 7.3724s, Rerank占比(总): 1.18%, Rerank占比(检): 1.81%
题号: psychology_76, 正确: True, 检索: 4.6744s, Rerank: 0.0873s, 生成: 2.5294s, 首字: 7.3629s, Rerank占比(总): 1.19%, Rerank占比(检): 1.83%
题号: psychology_77, 正确: True, 检索: 4.7003s, Rerank: 0.0868s, 生成: 2.5220s, 首字: 7.3793s, Rerank占比(总): 1.18%, Rerank占比(检): 1.81%
题号: psychology_78, 正确: True, 检索: 4.6767s, Rerank: 0.0869s, 生成: 2.5165s, 首字: 7.3515s, Rerank占比(总): 1.18%, Rerank占比(检): 1.82%
题号: psychology_79, 正确: False, 检索: 4.6976s, Rerank: 0.0934s, 生成: 2.6407s, 首字: 7.5047s, Rerank占比(总): 1.25%, Rerank占比(检): 1.95%
题号: psychology_80, 正确: True, 检索: 4.7977s, Rerank: 0.0896s, 生成: 2.5830s, 首字: 7.5420s, Rerank占比(总): 1.19%, Rerank占比(检): 1.83%
题号: psychology_81, 正确: True, 检索: 4.5052s, Rerank: 0.1000s, 生成: 2.4977s, 首字: 7.1795s, Rerank占比(总): 1.39%, Rerank占比(检): 2.17%
题号: psychology_82, 正确: False, 检索: 3.7414s, Rerank: 0.0839s, 生成: 2.4903s, 首字: 6.3855s, Rerank占比(总): 1.31%, Rerank占比(检): 2.19%
题号: psychology_83, 正确: True, 检索: 3.6903s, Rerank: 0.0835s, 生成: 2.4705s, 首字: 6.3127s, Rerank占比(总): 1.32%, Rerank占比(检): 2.21%
题号: psychology_84, 正确: True, 检索: 4.7196s, Rerank: 0.0880s, 生成: 2.5968s, 首字: 7.4762s, Rerank占比(总): 1.18%, Rerank占比(检): 1.83%
题号: psychology_85, 正确: False, 检索: 4.7592s, Rerank: 0.0888s, 生成: 2.5475s, 首字: 7.4685s, Rerank占比(总): 1.19%, Rerank占比(检): 1.83%
题号: psychology_86, 正确: False, 检索: 4.7475s, Rerank: 0.0875s, 生成: 2.5432s, 首字: 7.4519s, Rerank占比(总): 1.17%, Rerank占比(检): 1.81%
题号: psychology_87, 正确: False, 检索: 4.6978s, Rerank: 0.0863s, 生成: 2.5144s, 首字: 7.3706s, Rerank占比(总): 1.17%, Rerank占比(检): 1.80%
题号: psychology_88, 正确: False, 检索: 4.6962s, Rerank: 0.0862s, 生成: 2.5125s, 首字: 7.3653s, Rerank占比(总): 1.17%, Rerank占比(检): 1.80%
题号: psychology_89, 正确: True, 检索: 4.6952s, Rerank: 0.0870s, 生成: 2.5125s, 首字: 7.3652s, Rerank占比(总): 1.18%, Rerank占比(检): 1.82%
题号: psychology_90, 正确: False, 检索: 4.7425s, Rerank: 0.0881s, 生成: 2.5443s, 首字: 7.4497s, Rerank占比(总): 1.18%, Rerank占比(检): 1.82%
题号: psychology_91, 正确: True, 检索: 4.6750s, Rerank: 0.0863s, 生成: 2.5085s, 首字: 7.3427s, Rerank占比(总): 1.17%, Rerank占比(检): 1.81%
题号: psychology_92, 正确: False, 检索: 4.7015s, Rerank: 0.0868s, 生成: 2.5135s, 首字: 7.3732s, Rerank占比(总): 1.18%, Rerank占比(检): 1.81%
题号: psychology_93, 正确: False, 检索: 4.6845s, Rerank: 0.0864s, 生成: 2.5111s, 首字: 7.3519s, Rerank占比(总): 1.18%, Rerank占比(检): 1.81%
题号: psychology_94, 正确: False, 检索: 4.6952s, Rerank: 0.0864s, 生成: 2.5082s, 首字: 7.3613s, Rerank占比(总): 1.17%, Rerank占比(检): 1.81%
题号: psychology_95, 正确: True, 检索: 4.7531s, Rerank: 0.0866s, 生成: 2.5148s, 首字: 7.4256s, Rerank占比(总): 1.17%, Rerank占比(检): 1.79%
题号: psychology_96, 正确: True, 检索: 4.6888s, Rerank: 0.0861s, 生成: 2.5078s, 首字: 7.3528s, Rerank占比(总): 1.17%, Rerank占比(检): 1.80%
题号: psychology_97, 正确: True, 检索: 4.6826s, Rerank: 0.0865s, 生成: 2.5035s, 首字: 7.3455s, Rerank占比(总): 1.18%, Rerank占比(检): 1.81%
题号: psychology_98, 正确: False, 检索: 4.6165s, Rerank: 0.0859s, 生成: 2.5082s, 首字: 7.2823s, Rerank占比(总): 1.18%, Rerank占比(检): 1.83%
题号: psychology_99, 正确: False, 检索: 4.6362s, Rerank: 0.0875s, 生成: 2.5070s, 首字: 7.3013s, Rerank占比(总): 1.20%, Rerank占比(检): 1.85%
题号: psychology_100, 正确: False, 检索: 4.6871s, Rerank: 0.0860s, 生成: 2.5071s, 首字: 7.3506s, Rerank占比(总): 1.17%, Rerank占比(检): 1.80%
题号: psychology_101, 正确: False, 检索: 4.6728s, Rerank: 0.0878s, 生成: 2.5054s, 首字: 7.3373s, Rerank占比(总): 1.20%, Rerank占比(检): 1.84%
题号: psychology_102, 正确: False, 检索: 4.7168s, Rerank: 0.0875s, 生成: 2.5047s, 首字: 7.3863s, Rerank占比(总): 1.18%, Rerank占比(检): 1.82%
题号: psychology_103, 正确: False, 检索: 4.6997s, Rerank: 0.0865s, 生成: 2.5073s, 首字: 7.3640s, Rerank占比(总): 1.17%, Rerank占比(检): 1.81%
题号: psychology_104, 正确: False, 检索: 4.6172s, Rerank: 0.0876s, 生成: 2.5045s, 首字: 7.2798s, Rerank占比(总): 1.20%, Rerank占比(检): 1.86%
题号: psychology_105, 正确: True, 检索: 4.7117s, Rerank: 0.0867s, 生成: 2.5071s, 首字: 7.3768s, Rerank占比(总): 1.18%, Rerank占比(检): 1.81%
题号: psychology_106, 正确: False, 检索: 4.6841s, Rerank: 0.0872s, 生成: 2.5059s, 首字: 7.3489s, Rerank占比(总): 1.19%, Rerank占比(检): 1.83%
题号: psychology_107, 正确: False, 检索: 4.6528s, Rerank: 0.0861s, 生成: 2.5010s, 首字: 7.3130s, Rerank占比(总): 1.18%, Rerank占比(检): 1.82%
题号: psychology_108, 正确: True, 检索: 4.8248s, Rerank: 0.0856s, 生成: 2.5056s, 首字: 7.4883s, Rerank占比(总): 1.14%, Rerank占比(检): 1.74%
题号: psychology_109, 正确: False, 检索: 4.6641s, Rerank: 0.0857s, 生成: 2.4990s, 首字: 7.3197s, Rerank占比(总): 1.17%, Rerank占比(检): 1.80%
题号: psychology_110, 正确: False, 检索: 4.6320s, Rerank: 0.0859s, 生成: 2.5041s, 首字: 7.2932s, Rerank占比(总): 1.18%, Rerank占比(检): 1.82%
题号: psychology_111, 正确: True, 检索: 4.6568s, Rerank: 0.0856s, 生成: 2.5053s, 首字: 7.3197s, Rerank占比(总): 1.17%, Rerank占比(检): 1.81%
题号: psychology_112, 正确: True, 检索: 4.6132s, Rerank: 0.0857s, 生成: 2.5036s, 首字: 7.2740s, Rerank占比(总): 1.18%, Rerank占比(检): 1.82%
题号: psychology_113, 正确: True, 检索: 4.6450s, Rerank: 0.0856s, 生成: 2.5040s, 首字: 7.3075s, Rerank占比(总): 1.17%, Rerank占比(检): 1.81%
题号: psychology_114, 正确: True, 检索: 4.6476s, Rerank: 0.0856s, 生成: 2.5002s, 首字: 7.3051s, Rerank占比(总): 1.17%, Rerank占比(检): 1.81%
题号: psychology_115, 正确: True, 检索: 4.6683s, Rerank: 0.0858s, 生成: 2.5050s, 首字: 7.3303s, Rerank占比(总): 1.17%, Rerank占比(检): 1.80%
题号: psychology_116, 正确: True, 检索: 4.6495s, Rerank: 0.0854s, 生成: 2.5017s, 首字: 7.3088s, Rerank占比(总): 1.17%, Rerank占比(检): 1.80%
题号: psychology_117, 正确: True, 检索: 4.6375s, Rerank: 0.0857s, 生成: 2.5175s, 首字: 7.3104s, Rerank占比(总): 1.17%, Rerank占比(检): 1.81%
题号: psychology_118, 正确: False, 检索: 4.6262s, Rerank: 0.0853s, 生成: 2.5003s, 首字: 7.2827s, Rerank占比(总): 1.17%, Rerank占比(检): 1.81%
题号: psychology_119, 正确: False, 检索: 4.7074s, Rerank: 0.0862s, 生成: 2.5052s, 首字: 7.3700s, Rerank占比(总): 1.17%, Rerank占比(检): 1.80%
题号: psychology_120, 正确: True, 检索: 4.6439s, Rerank: 0.0859s, 生成: 2.5007s, 首字: 7.3011s, Rerank占比(总): 1.18%, Rerank占比(检): 1.82%
题号: psychology_121, 正确: False, 检索: 4.6762s, Rerank: 0.0855s, 生成: 2.5154s, 首字: 7.3477s, Rerank占比(总): 1.16%, Rerank占比(检): 1.80%
题号: psychology_122, 正确: True, 检索: 4.6593s, Rerank: 0.0853s, 生成: 2.5035s, 首字: 7.3188s, Rerank占比(总): 1.17%, Rerank占比(检): 1.80%
题号: psychology_123, 正确: False, 检索: 4.6482s, Rerank: 0.0858s, 生成: 2.5021s, 首字: 7.3075s, Rerank占比(总): 1.17%, Rerank占比(检): 1.81%
题号: psychology_124, 正确: True, 检索: 4.6855s, Rerank: 0.0858s, 生成: 2.5053s, 首字: 7.3479s, Rerank占比(总): 1.17%, Rerank占比(检): 1.80%
题号: psychology_125, 正确: False, 检索: 4.6553s, Rerank: 0.0858s, 生成: 2.5021s, 首字: 7.3129s, Rerank占比(总): 1.17%, Rerank占比(检): 1.81%
题号: psychology_126, 正确: False, 检索: 4.6571s, Rerank: 0.0856s, 生成: 2.5029s, 首字: 7.3151s, Rerank占比(总): 1.17%, Rerank占比(检): 1.80%
题号: psychology_127, 正确: False, 检索: 4.6806s, Rerank: 0.0858s, 生成: 2.5047s, 首字: 7.3420s, Rerank占比(总): 1.17%, Rerank占比(检): 1.80%
题号: psychology_128, 正确: True, 检索: 4.6967s, Rerank: 0.0863s, 生成: 2.4996s, 首字: 7.3548s, Rerank占比(总): 1.17%, Rerank占比(检): 1.80%
题号: psychology_129, 正确: True, 检索: 4.6557s, Rerank: 0.0963s, 生成: 2.5061s, 首字: 7.3303s, Rerank占比(总): 1.31%, Rerank占比(检): 2.03%
题号: psychology_130, 正确: False, 检索: 4.6480s, Rerank: 0.0860s, 生成: 2.5040s, 首字: 7.3103s, Rerank占比(总): 1.18%, Rerank占比(检): 1.82%
题号: psychology_131, 正确: False, 检索: 4.6718s, Rerank: 0.0863s, 生成: 2.5015s, 首字: 7.3309s, Rerank占比(总): 1.18%, Rerank占比(检): 1.81%
题号: psychology_132, 正确: True, 检索: 4.6680s, Rerank: 0.0857s, 生成: 2.5036s, 首字: 7.3304s, Rerank占比(总): 1.17%, Rerank占比(检): 1.80%
题号: psychology_133, 正确: False, 检索: 4.6603s, Rerank: 0.0863s, 生成: 2.5112s, 首字: 7.3290s, Rerank占比(总): 1.18%, Rerank占比(检): 1.82%
题号: psychology_134, 正确: False, 检索: 4.6841s, Rerank: 0.0866s, 生成: 2.5128s, 首字: 7.3580s, Rerank占比(总): 1.18%, Rerank占比(检): 1.81%
题号: psychology_135, 正确: False, 检索: 3.8138s, Rerank: 0.0843s, 生成: 2.4334s, 首字: 6.4011s, Rerank占比(总): 1.32%, Rerank占比(检): 2.16%
题号: psychology_136, 正确: True, 检索: 3.5688s, Rerank: 0.0836s, 生成: 2.4336s, 首字: 6.1550s, Rerank占比(总): 1.36%, Rerank占比(检): 2.29%
题号: psychology_137, 正确: True, 检索: 3.7391s, Rerank: 0.0852s, 生成: 2.4370s, 首字: 6.3296s, Rerank占比(总): 1.35%, Rerank占比(检): 2.23%
题号: psychology_138, 正确: False, 检索: 3.6128s, Rerank: 0.0843s, 生成: 2.4286s, 首字: 6.1956s, Rerank占比(总): 1.36%, Rerank占比(检): 2.28%
题号: psychology_139, 正确: False, 检索: 3.6128s, Rerank: 0.1127s, 生成: 2.4772s, 首字: 6.2731s, Rerank占比(总): 1.80%, Rerank占比(检): 3.02%
题号: psychology_140, 正确: True, 检索: 3.5967s, Rerank: 0.0844s, 生成: 2.4850s, 首字: 6.2357s, Rerank占比(总): 1.35%, Rerank占比(检): 2.29%
题号: psychology_141, 正确: False, 检索: 3.7404s, Rerank: 0.0854s, 生成: 2.4926s, 首字: 6.3865s, Rerank占比(总): 1.34%, Rerank占比(检): 2.23%
题号: psychology_142, 正确: False, 检索: 3.6703s, Rerank: 0.0853s, 生成: 2.4467s, 首字: 6.2743s, Rerank占比(总): 1.36%, Rerank占比(检): 2.27%
题号: psychology_143, 正确: False, 检索: 3.6046s, Rerank: 0.0833s, 生成: 2.4234s, 首字: 6.1810s, Rerank占比(总): 1.35%, Rerank占比(检): 2.26%
题号: psychology_144, 正确: False, 检索: 3.5991s, Rerank: 0.0833s, 生成: 2.4237s, 首字: 6.1770s, Rerank占比(总): 1.35%, Rerank占比(检): 2.26%
题号: psychology_145, 正确: False, 检索: 3.5996s, Rerank: 0.0836s, 生成: 2.4192s, 首字: 6.1713s, Rerank占比(总): 1.35%, Rerank占比(检): 2.27%
题号: psychology_146, 正确: False, 检索: 4.0419s, Rerank: 0.0875s, 生成: 2.5110s, 首字: 6.7127s, Rerank占比(总): 1.30%, Rerank占比(检): 2.12%
题号: psychology_147, 正确: True, 检索: 4.6302s, Rerank: 0.0872s, 生成: 2.5111s, 首字: 7.3015s, Rerank占比(总): 1.19%, Rerank占比(检): 1.85%
题号: psychology_148, 正确: False, 检索: 4.6495s, Rerank: 0.0860s, 生成: 2.5116s, 首字: 7.3180s, Rerank占比(总): 1.18%, Rerank占比(检): 1.82%
题号: psychology_149, 正确: False, 检索: 4.6456s, Rerank: 0.0874s, 生成: 2.5131s, 首字: 7.3196s, Rerank占比(总): 1.19%, Rerank占比(检): 1.85%
题号: psychology_150, 正确: False, 检索: 4.6807s, Rerank: 0.0868s, 生成: 2.5082s, 首字: 7.3475s, Rerank占比(总): 1.18%, Rerank占比(检): 1.82%
题号: psychology_151, 正确: False, 检索: 4.6454s, Rerank: 0.0866s, 生成: 2.5373s, 首字: 7.3420s, Rerank占比(总): 1.18%, Rerank占比(检): 1.83%
题号: psychology_152, 正确: False, 检索: 3.6662s, Rerank: 0.0835s, 生成: 2.4642s, 首字: 6.2829s, Rerank占比(总): 1.33%, Rerank占比(检): 2.23%
题号: psychology_153, 正确: False, 检索: 3.7010s, Rerank: 0.0837s, 生成: 2.4862s, 首字: 6.3398s, Rerank占比(总): 1.32%, Rerank占比(检): 2.21%
题号: psychology_154, 正确: False, 检索: 3.7117s, Rerank: 0.0846s, 生成: 2.4734s, 首字: 6.3387s, Rerank占比(总): 1.33%, Rerank占比(检): 2.23%
题号: psychology_155, 正确: False, 检索: 3.7208s, Rerank: 0.0846s, 生成: 2.4807s, 首字: 6.3575s, Rerank占比(总): 1.33%, Rerank占比(检): 2.22%
题号: psychology_156, 正确: False, 检索: 3.6600s, Rerank: 0.0843s, 生成: 2.4484s, 首字: 6.2630s, Rerank占比(总): 1.35%, Rerank占比(检): 2.25%
题号: psychology_157, 正确: True, 检索: 3.5969s, Rerank: 0.0840s, 生成: 2.4310s, 首字: 6.1814s, Rerank占比(总): 1.36%, Rerank占比(检): 2.28%
题号: psychology_158, 正确: True, 检索: 3.5877s, Rerank: 0.0841s, 生成: 2.4381s, 首字: 6.1810s, Rerank占比(总): 1.36%, Rerank占比(检): 2.29%
题号: psychology_159, 正确: True, 检索: 3.6156s, Rerank: 0.0833s, 生成: 2.4304s, 首字: 6.1997s, Rerank占比(总): 1.34%, Rerank占比(检): 2.25%
题号: psychology_160, 正确: False, 检索: 3.6041s, Rerank: 0.0847s, 生成: 2.4425s, 首字: 6.2031s, Rerank占比(总): 1.37%, Rerank占比(检): 2.30%
题号: psychology_161, 正确: False, 检索: 3.6009s, Rerank: 0.0834s, 生成: 2.4373s, 首字: 6.1907s, Rerank占比(总): 1.35%, Rerank占比(检): 2.26%
题号: psychology_162, 正确: False, 检索: 3.5786s, Rerank: 0.0842s, 生成: 2.4421s, 首字: 6.1747s, Rerank占比(总): 1.36%, Rerank占比(检): 2.30%
题号: psychology_163, 正确: True, 检索: 3.6076s, Rerank: 0.0836s, 生成: 2.4370s, 首字: 6.1976s, Rerank占比(总): 1.35%, Rerank占比(检): 2.26%
题号: psychology_164, 正确: False, 检索: 3.6102s, Rerank: 0.0840s, 生成: 2.4547s, 首字: 6.2182s, Rerank占比(总): 1.35%, Rerank占比(检): 2.27%
题号: psychology_165, 正确: False, 检索: 3.7268s, Rerank: 0.0865s, 生成: 2.4516s, 首字: 6.3362s, Rerank占比(总): 1.36%, Rerank占比(检): 2.27%
题号: psychology_166, 正确: False, 检索: 3.6097s, Rerank: 0.0840s, 生成: 2.4918s, 首字: 6.2570s, Rerank占比(总): 1.34%, Rerank占比(检): 2.27%
题号: psychology_167, 正确: False, 检索: 3.7079s, Rerank: 0.0837s, 生成: 2.4781s, 首字: 6.3412s, Rerank占比(总): 1.32%, Rerank占比(检): 2.21%
题号: psychology_168, 正确: False, 检索: 3.7165s, Rerank: 0.0848s, 生成: 2.5079s, 首字: 6.3792s, Rerank占比(总): 1.33%, Rerank占比(检): 2.23%
题号: psychology_169, 正确: False, 检索: 3.6783s, Rerank: 0.0837s, 生成: 2.4999s, 首字: 6.3309s, Rerank占比(总): 1.32%, Rerank占比(检): 2.22%
题号: psychology_170, 正确: True, 检索: 3.7271s, Rerank: 0.0848s, 生成: 2.4487s, 首字: 6.3320s, Rerank占比(总): 1.34%, Rerank占比(检): 2.23%
题号: psychology_171, 正确: True, 检索: 3.9332s, Rerank: 0.0869s, 生成: 2.5285s, 首字: 6.6208s, Rerank占比(总): 1.31%, Rerank占比(检): 2.16%
题号: psychology_172, 正确: True, 检索: 4.7528s, Rerank: 0.0913s, 生成: 2.6335s, 首字: 7.5484s, Rerank占比(总): 1.21%, Rerank占比(检): 1.89%
题号: psychology_173, 正确: False, 检索: 4.7610s, Rerank: 0.0909s, 生成: 2.6603s, 首字: 7.5844s, Rerank占比(总): 1.20%, Rerank占比(检): 1.87%
题号: psychology_174, 正确: True, 检索: 4.7456s, Rerank: 0.0924s, 生成: 2.6434s, 首字: 7.5550s, Rerank占比(总): 1.22%, Rerank占比(检): 1.91%
题号: psychology_175, 正确: False, 检索: 4.7955s, Rerank: 0.0915s, 生成: 2.5458s, 首字: 7.5040s, Rerank占比(总): 1.22%, Rerank占比(检): 1.87%
题号: psychology_176, 正确: False, 检索: 4.6815s, Rerank: 0.0866s, 生成: 2.5149s, 首字: 7.3555s, Rerank占比(总): 1.18%, Rerank占比(检): 1.82%
题号: psychology_177, 正确: True, 检索: 4.6730s, Rerank: 0.0874s, 生成: 2.5183s, 首字: 7.3512s, Rerank占比(总): 1.19%, Rerank占比(检): 1.84%
题号: psychology_178, 正确: True, 检索: 4.6911s, Rerank: 0.0872s, 生成: 2.5104s, 首字: 7.3647s, Rerank占比(总): 1.18%, Rerank占比(检): 1.82%
题号: psychology_179, 正确: True, 检索: 4.6618s, Rerank: 0.0857s, 生成: 2.5133s, 首字: 7.3306s, Rerank占比(总): 1.17%, Rerank占比(检): 1.81%
题号: psychology_180, 正确: True, 检索: 4.6719s, Rerank: 0.0868s, 生成: 2.5064s, 首字: 7.3372s, Rerank占比(总): 1.18%, Rerank占比(检): 1.82%
题号: psychology_181, 正确: False, 检索: 4.6690s, Rerank: 0.0870s, 生成: 2.5093s, 首字: 7.3373s, Rerank占比(总): 1.19%, Rerank占比(检): 1.83%
题号: psychology_182, 正确: False, 检索: 4.6821s, Rerank: 0.0878s, 生成: 2.5075s, 首字: 7.3537s, Rerank占比(总): 1.19%, Rerank占比(检): 1.84%
题号: psychology_183, 正确: False, 检索: 4.7104s, Rerank: 0.0868s, 生成: 2.5156s, 首字: 7.3835s, Rerank占比(总): 1.18%, Rerank占比(检): 1.81%
题号: psychology_184, 正确: True, 检索: 4.7166s, Rerank: 0.0880s, 生成: 2.5526s, 首字: 7.4283s, Rerank占比(总): 1.18%, Rerank占比(检): 1.83%
题号: psychology_185, 正确: True, 检索: 4.7635s, Rerank: 0.0880s, 生成: 2.5755s, 首字: 7.4983s, Rerank占比(总): 1.17%, Rerank占比(检): 1.81%
题号: psychology_186, 正确: True, 检索: 4.7505s, Rerank: 0.0886s, 生成: 2.5554s, 首字: 7.4661s, Rerank占比(总): 1.19%, Rerank占比(检): 1.83%
题号: psychology_187, 正确: False, 检索: 4.7564s, Rerank: 0.0877s, 生成: 2.5448s, 首字: 7.4602s, Rerank占比(总): 1.18%, Rerank占比(检): 1.81%
题号: psychology_188, 正确: False, 检索: 4.6980s, Rerank: 0.0884s, 生成: 2.5548s, 首字: 7.4127s, Rerank占比(总): 1.19%, Rerank占比(检): 1.85%
题号: psychology_189, 正确: False, 检索: 4.7577s, Rerank: 0.0890s, 生成: 2.5582s, 首字: 7.4778s, Rerank占比(总): 1.19%, Rerank占比(检): 1.84%
题号: psychology_190, 正确: False, 检索: 4.7690s, Rerank: 0.0881s, 生成: 2.5539s, 首字: 7.4826s, Rerank占比(总): 1.18%, Rerank占比(检): 1.81%
题号: psychology_191, 正确: False, 检索: 4.8046s, Rerank: 0.0880s, 生成: 2.5584s, 首字: 7.5243s, Rerank占比(总): 1.17%, Rerank占比(检): 1.80%
题号: psychology_192, 正确: False, 检索: 4.7980s, Rerank: 0.0882s, 生成: 2.5489s, 首字: 7.5071s, Rerank占比(总): 1.17%, Rerank占比(检): 1.80%
题号: psychology_193, 正确: False, 检索: 4.7763s, Rerank: 0.0889s, 生成: 2.5451s, 首字: 7.4835s, Rerank占比(总): 1.19%, Rerank占比(检): 1.83%
题号: psychology_194, 正确: False, 检索: 4.7852s, Rerank: 0.0888s, 生成: 2.5520s, 首字: 7.5021s, Rerank占比(总): 1.18%, Rerank占比(检): 1.82%
题号: psychology_195, 正确: False, 检索: 4.7660s, Rerank: 0.0875s, 生成: 2.5632s, 首字: 7.4888s, Rerank占比(总): 1.17%, Rerank占比(检): 1.80%
题号: psychology_196, 正确: False, 检索: 4.7637s, Rerank: 0.0899s, 生成: 2.5608s, 首字: 7.4866s, Rerank占比(总): 1.20%, Rerank占比(检): 1.85%
题号: psychology_197, 正确: True, 检索: 4.7436s, Rerank: 0.0875s, 生成: 2.5598s, 首字: 7.4628s, Rerank占比(总): 1.17%, Rerank占比(检): 1.81%
题号: psychology_198, 正确: False, 检索: 4.7782s, Rerank: 0.0877s, 生成: 2.5450s, 首字: 7.4832s, Rerank占比(总): 1.17%, Rerank占比(检): 1.80%
题号: psychology_199, 正确: False, 检索: 4.7778s, Rerank: 0.0874s, 生成: 2.5408s, 首字: 7.4796s, Rerank占比(总): 1.17%, Rerank占比(检): 1.80%
题号: psychology_200, 正确: False, 检索: 4.7529s, Rerank: 0.0872s, 生成: 2.5400s, 首字: 7.4530s, Rerank占比(总): 1.17%, Rerank占比(检): 1.80%
题号: psychology_201, 正确: False, 检索: 4.6076s, Rerank: 0.0833s, 生成: 2.4742s, 首字: 7.2357s, Rerank占比(总): 1.15%, Rerank占比(检): 1.78%
题号: psychology_202, 正确: True, 检索: 4.6528s, Rerank: 0.0873s, 生成: 2.5007s, 首字: 7.3122s, Rerank占比(总): 1.19%, Rerank占比(检): 1.84%
题号: psychology_203, 正确: True, 检索: 4.6368s, Rerank: 0.0859s, 生成: 2.5082s, 首字: 7.3031s, Rerank占比(总): 1.18%, Rerank占比(检): 1.82%
题号: psychology_204, 正确: True, 检索: 4.6604s, Rerank: 0.0859s, 生成: 2.5024s, 首字: 7.3203s, Rerank占比(总): 1.17%, Rerank占比(检): 1.81%
题号: psychology_205, 正确: True, 检索: 4.6499s, Rerank: 0.0860s, 生成: 2.5084s, 首字: 7.3164s, Rerank占比(总): 1.17%, Rerank占比(检): 1.81%
题号: psychology_206, 正确: False, 检索: 4.6902s, Rerank: 0.0862s, 生成: 2.5118s, 首字: 7.3585s, Rerank占比(总): 1.17%, Rerank占比(检): 1.80%
题号: psychology_207, 正确: True, 检索: 4.6816s, Rerank: 0.0864s, 生成: 2.5048s, 首字: 7.3447s, Rerank占比(总): 1.18%, Rerank占比(检): 1.81%
题号: psychology_208, 正确: False, 检索: 4.6933s, Rerank: 0.1104s, 生成: 2.4958s, 首字: 7.3728s, Rerank占比(总): 1.50%, Rerank占比(检): 2.30%
题号: psychology_209, 正确: True, 检索: 4.6572s, Rerank: 0.0865s, 生成: 2.5036s, 首字: 7.3194s, Rerank占比(总): 1.18%, Rerank占比(检): 1.82%
题号: psychology_210, 正确: False, 检索: 4.6422s, Rerank: 0.0866s, 生成: 2.4998s, 首字: 7.3016s, Rerank占比(总): 1.19%, Rerank占比(检): 1.83%
题号: psychology_211, 正确: False, 检索: 4.6933s, Rerank: 0.0864s, 生成: 2.5065s, 首字: 7.3568s, Rerank占比(总): 1.17%, Rerank占比(检): 1.81%
题号: psychology_212, 正确: False, 检索: 4.6696s, Rerank: 0.0857s, 生成: 2.5026s, 首字: 7.3296s, Rerank占比(总): 1.17%, Rerank占比(检): 1.80%
题号: psychology_213, 正确: False, 检索: 4.6349s, Rerank: 0.0865s, 生成: 2.5103s, 首字: 7.3034s, Rerank占比(总): 1.18%, Rerank占比(检): 1.83%
题号: psychology_214, 正确: True, 检索: 4.6638s, Rerank: 0.0857s, 生成: 2.5010s, 首字: 7.3208s, Rerank占比(总): 1.17%, Rerank占比(检): 1.80%
题号: psychology_215, 正确: False, 检索: 4.6273s, Rerank: 0.0866s, 生成: 2.5087s, 首字: 7.2935s, Rerank占比(总): 1.19%, Rerank占比(检): 1.84%
题号: psychology_216, 正确: False, 检索: 4.8182s, Rerank: 0.0862s, 生成: 2.5488s, 首字: 7.5244s, Rerank占比(总): 1.15%, Rerank占比(检): 1.76%
题号: psychology_217, 正确: False, 检索: 4.6755s, Rerank: 0.0867s, 生成: 2.5181s, 首字: 7.3504s, Rerank占比(总): 1.18%, Rerank占比(检): 1.82%
题号: psychology_218, 正确: False, 检索: 4.6973s, Rerank: 0.0883s, 生成: 2.5137s, 首字: 7.3722s, Rerank占比(总): 1.20%, Rerank占比(检): 1.85%
题号: psychology_219, 正确: False, 检索: 4.7270s, Rerank: 0.0866s, 生成: 2.5164s, 首字: 7.4023s, Rerank占比(总): 1.17%, Rerank占比(检): 1.80%
题号: psychology_220, 正确: True, 检索: 4.0813s, Rerank: 0.0859s, 生成: 2.4521s, 首字: 6.7056s, Rerank占比(总): 1.28%, Rerank占比(检): 2.06%
题号: psychology_221, 正确: True, 检索: 3.6399s, Rerank: 0.0870s, 生成: 2.4639s, 首字: 6.2613s, Rerank占比(总): 1.39%, Rerank占比(检): 2.33%
题号: psychology_222, 正确: False, 检索: 3.6439s, Rerank: 0.0836s, 生成: 2.4342s, 首字: 6.2316s, Rerank占比(总): 1.34%, Rerank占比(检): 2.24%
题号: psychology_223, 正确: True, 检索: 3.6050s, Rerank: 0.0834s, 生成: 2.4256s, 首字: 6.1832s, Rerank占比(总): 1.35%, Rerank占比(检): 2.26%
题号: psychology_224, 正确: True, 检索: 3.6492s, Rerank: 0.0889s, 生成: 2.4909s, 首字: 6.2992s, Rerank占比(总): 1.41%, Rerank占比(检): 2.38%
题号: psychology_225, 正确: True, 检索: 3.5990s, Rerank: 0.0836s, 生成: 2.4351s, 首字: 6.1876s, Rerank占比(总): 1.35%, Rerank占比(检): 2.27%
题号: psychology_226, 正确: True, 检索: 3.6051s, Rerank: 0.0836s, 生成: 2.4651s, 首字: 6.2238s, Rerank占比(总): 1.34%, Rerank占比(检): 2.27%
题号: psychology_227, 正确: False, 检索: 3.6298s, Rerank: 0.0863s, 生成: 2.4653s, 首字: 6.2533s, Rerank占比(总): 1.38%, Rerank占比(检): 2.32%
题号: psychology_228, 正确: False, 检索: 3.6204s, Rerank: 0.0841s, 生成: 2.5142s, 首字: 6.2870s, Rerank占比(总): 1.34%, Rerank占比(检): 2.27%
题号: psychology_229, 正确: False, 检索: 3.6621s, Rerank: 0.0854s, 生成: 2.4790s, 首字: 6.2962s, Rerank占比(总): 1.36%, Rerank占比(检): 2.28%
题号: psychology_230, 正确: False, 检索: 3.6651s, Rerank: 0.0868s, 生成: 2.4365s, 首字: 6.2597s, Rerank占比(总): 1.39%, Rerank占比(检): 2.31%
题号: psychology_231, 正确: False, 检索: 3.6047s, Rerank: 0.0843s, 生成: 2.4200s, 首字: 6.1786s, Rerank占比(总): 1.36%, Rerank占比(检): 2.29%
题号: psychology_232, 正确: False, 检索: 3.6004s, Rerank: 0.0895s, 生成: 2.4657s, 首字: 6.2260s, Rerank占比(总): 1.44%, Rerank占比(检): 2.43%
题号: psychology_233, 正确: True, 检索: 3.5703s, Rerank: 0.0846s, 生成: 2.4225s, 首字: 6.1460s, Rerank占比(总): 1.38%, Rerank占比(检): 2.32%
题号: psychology_234, 正确: False, 检索: 3.5899s, Rerank: 0.0835s, 生成: 2.4252s, 首字: 6.1699s, Rerank占比(总): 1.35%, Rerank占比(检): 2.27%
题号: psychology_235, 正确: True, 检索: 3.5892s, Rerank: 0.0833s, 生成: 2.4254s, 首字: 6.1661s, Rerank占比(总): 1.35%, Rerank占比(检): 2.27%
题号: psychology_236, 正确: False, 检索: 3.5793s, Rerank: 0.0863s, 生成: 2.5487s, 首字: 6.2848s, Rerank占比(总): 1.37%, Rerank占比(检): 2.36%
题号: psychology_237, 正确: False, 检索: 3.6266s, Rerank: 0.0850s, 生成: 2.5058s, 首字: 6.2872s, Rerank占比(总): 1.35%, Rerank占比(检): 2.29%
题号: psychology_238, 正确: False, 检索: 3.6231s, Rerank: 0.0842s, 生成: 2.4190s, 首字: 6.1954s, Rerank占比(总): 1.36%, Rerank占比(检): 2.27%
题号: psychology_239, 正确: True, 检索: 3.5994s, Rerank: 0.0832s, 生成: 2.4175s, 首字: 6.1678s, Rerank占比(总): 1.35%, Rerank占比(检): 2.26%
题号: psychology_240, 正确: False, 检索: 3.6061s, Rerank: 0.0881s, 生成: 2.4553s, 首字: 6.2206s, Rerank占比(总): 1.42%, Rerank占比(检): 2.38%
题号: psychology_241, 正确: False, 检索: 3.6118s, Rerank: 0.0841s, 生成: 2.4200s, 首字: 6.1868s, Rerank占比(总): 1.36%, Rerank占比(检): 2.27%
题号: psychology_242, 正确: False, 检索: 3.5846s, Rerank: 0.0843s, 生成: 2.4824s, 首字: 6.2224s, Rerank占比(总): 1.36%, Rerank占比(检): 2.30%
题号: psychology_243, 正确: False, 检索: 4.6582s, Rerank: 0.0858s, 生成: 2.4967s, 首字: 7.3115s, Rerank占比(总): 1.17%, Rerank占比(检): 1.81%
题号: psychology_244, 正确: False, 检索: 4.6547s, Rerank: 0.0869s, 生成: 2.5479s, 首字: 7.3620s, Rerank占比(总): 1.18%, Rerank占比(检): 1.83%
题号: psychology_245, 正确: False, 检索: 4.7371s, Rerank: 0.0875s, 生成: 2.5513s, 首字: 7.4490s, Rerank占比(总): 1.17%, Rerank占比(检): 1.81%
题号: psychology_246, 正确: False, 检索: 3.8154s, Rerank: 0.0968s, 生成: 2.4930s, 首字: 6.4754s, Rerank占比(总): 1.50%, Rerank占比(检): 2.48%
题号: psychology_247, 正确: False, 检索: 3.6805s, Rerank: 0.0844s, 生成: 2.4724s, 首字: 6.3079s, Rerank占比(总): 1.34%, Rerank占比(检): 2.24%
题号: psychology_248, 正确: False, 检索: 3.7231s, Rerank: 0.0853s, 生成: 2.4910s, 首字: 6.3707s, Rerank占比(总): 1.34%, Rerank占比(检): 2.24%
题号: psychology_249, 正确: False, 检索: 3.6907s, Rerank: 0.0839s, 生成: 2.4411s, 首字: 6.2846s, Rerank占比(总): 1.33%, Rerank占比(检): 2.22%
题号: psychology_250, 正确: False, 检索: 3.6962s, Rerank: 0.0851s, 生成: 2.4967s, 首字: 6.3482s, Rerank占比(总): 1.34%, Rerank占比(检): 2.25%
题号: psychology_251, 正确: False, 检索: 3.6670s, Rerank: 0.0861s, 生成: 2.5086s, 首字: 6.3311s, Rerank占比(总): 1.36%, Rerank占比(检): 2.29%
题号: psychology_252, 正确: True, 检索: 3.6522s, Rerank: 0.0844s, 生成: 2.4308s, 首字: 6.2364s, Rerank占比(总): 1.35%, Rerank占比(检): 2.26%
题号: psychology_253, 正确: True, 检索: 3.6132s, Rerank: 0.0844s, 生成: 2.4395s, 首字: 6.2054s, Rerank占比(总): 1.36%, Rerank占比(检): 2.28%
题号: psychology_254, 正确: False, 检索: 3.6038s, Rerank: 0.0837s, 生成: 2.4304s, 首字: 6.1865s, Rerank占比(总): 1.35%, Rerank占比(检): 2.27%
题号: psychology_255, 正确: True, 检索: 3.5974s, Rerank: 0.0841s, 生成: 2.4289s, 首字: 6.1793s, Rerank占比(总): 1.36%, Rerank占比(检): 2.29%
题号: psychology_256, 正确: False, 检索: 3.5875s, Rerank: 0.0843s, 生成: 2.4300s, 首字: 6.1709s, Rerank占比(总): 1.37%, Rerank占比(检): 2.29%
题号: psychology_257, 正确: False, 检索: 3.5873s, Rerank: 0.0840s, 生成: 2.4343s, 首字: 6.1746s, Rerank占比(总): 1.36%, Rerank占比(检): 2.29%
题号: psychology_258, 正确: False, 检索: 3.5856s, Rerank: 0.0839s, 生成: 2.4249s, 首字: 6.1636s, Rerank占比(总): 1.36%, Rerank占比(检): 2.29%
题号: psychology_259, 正确: False, 检索: 3.6149s, Rerank: 0.0842s, 生成: 2.4284s, 首字: 6.1964s, Rerank占比(总): 1.36%, Rerank占比(检): 2.28%
题号: psychology_260, 正确: False, 检索: 4.6905s, Rerank: 0.0878s, 生成: 2.5131s, 首字: 7.3628s, Rerank占比(总): 1.19%, Rerank占比(检): 1.84%
题号: psychology_261, 正确: True, 检索: 4.7417s, Rerank: 0.0864s, 生成: 2.5119s, 首字: 7.4116s, Rerank占比(总): 1.17%, Rerank占比(检): 1.79%
题号: psychology_262, 正确: False, 检索: 4.6848s, Rerank: 0.0871s, 生成: 2.5488s, 首字: 7.4009s, Rerank占比(总): 1.18%, Rerank占比(检): 1.83%
题号: psychology_263, 正确: False, 检索: 4.6757s, Rerank: 0.0874s, 生成: 2.5022s, 首字: 7.3392s, Rerank占比(总): 1.19%, Rerank占比(检): 1.83%
题号: psychology_264, 正确: False, 检索: 3.6772s, Rerank: 0.0841s, 生成: 2.4600s, 首字: 6.2903s, Rerank占比(总): 1.34%, Rerank占比(检): 2.24%
题号: psychology_265, 正确: False, 检索: 3.7775s, Rerank: 0.0862s, 生成: 2.5135s, 首字: 6.4515s, Rerank占比(总): 1.34%, Rerank占比(检): 2.23%
题号: psychology_266, 正确: False, 检索: 4.6862s, Rerank: 0.0863s, 生成: 2.5016s, 首字: 7.3459s, Rerank占比(总): 1.17%, Rerank占比(检): 1.81%
题号: psychology_267, 正确: True, 检索: 3.6561s, Rerank: 0.0840s, 生成: 2.4638s, 首字: 6.2729s, Rerank占比(总): 1.34%, Rerank占比(检): 2.25%
题号: psychology_268, 正确: True, 检索: 3.6629s, Rerank: 0.0864s, 生成: 2.4695s, 首字: 6.2897s, Rerank占比(总): 1.37%, Rerank占比(检): 2.31%
题号: psychology_269, 正确: False, 检索: 3.6952s, Rerank: 0.0906s, 生成: 2.4504s, 首字: 6.3080s, Rerank占比(总): 1.44%, Rerank占比(检): 2.39%
题号: psychology_270, 正确: False, 检索: 3.6015s, Rerank: 0.0840s, 生成: 2.4306s, 首字: 6.1859s, Rerank占比(总): 1.36%, Rerank占比(检): 2.28%
题号: psychology_271, 正确: True, 检索: 3.6125s, Rerank: 0.0839s, 生成: 2.4300s, 首字: 6.1962s, Rerank占比(总): 1.35%, Rerank占比(检): 2.27%
题号: psychology_272, 正确: True, 检索: 3.6242s, Rerank: 0.0841s, 生成: 2.4333s, 首字: 6.2111s, Rerank占比(总): 1.35%, Rerank占比(检): 2.27%
题号: psychology_273, 正确: False, 检索: 3.6253s, Rerank: 0.0840s, 生成: 2.4383s, 首字: 6.2182s, Rerank占比(总): 1.35%, Rerank占比(检): 2.27%
题号: psychology_274, 正确: True, 检索: 3.5863s, Rerank: 0.0842s, 生成: 2.4410s, 首字: 6.1807s, Rerank占比(总): 1.36%, Rerank占比(检): 2.29%
题号: psychology_275, 正确: True, 检索: 3.6292s, Rerank: 0.0838s, 生成: 2.4320s, 首字: 6.2144s, Rerank占比(总): 1.35%, Rerank占比(检): 2.26%
题号: psychology_276, 正确: False, 检索: 3.5818s, Rerank: 0.0838s, 生成: 2.4322s, 首字: 6.1679s, Rerank占比(总): 1.36%, Rerank占比(检): 2.29%
题号: psychology_277, 正确: True, 检索: 3.6115s, Rerank: 0.0836s, 生成: 2.4367s, 首字: 6.2013s, Rerank占比(总): 1.35%, Rerank占比(检): 2.26%
题号: psychology_278, 正确: True, 检索: 3.6069s, Rerank: 0.0839s, 生成: 2.4366s, 首字: 6.1958s, Rerank占比(总): 1.35%, Rerank占比(检): 2.27%
题号: psychology_279, 正确: False, 检索: 3.6434s, Rerank: 0.0835s, 生成: 2.4409s, 首字: 6.2361s, Rerank占比(总): 1.34%, Rerank占比(检): 2.24%
题号: psychology_280, 正确: False, 检索: 3.6260s, Rerank: 0.0840s, 生成: 2.4369s, 首字: 6.2169s, Rerank占比(总): 1.35%, Rerank占比(检): 2.26%
题号: psychology_281, 正确: False, 检索: 3.6206s, Rerank: 0.0841s, 生成: 2.4374s, 首字: 6.2122s, Rerank占比(总): 1.35%, Rerank占比(检): 2.27%
题号: psychology_282, 正确: True, 检索: 3.6241s, Rerank: 0.0839s, 生成: 2.4366s, 首字: 6.2154s, Rerank占比(总): 1.35%, Rerank占比(检): 2.26%
题号: psychology_283, 正确: False, 检索: 3.6319s, Rerank: 0.0838s, 生成: 2.4331s, 首字: 6.2180s, Rerank占比(总): 1.35%, Rerank占比(检): 2.26%
题号: psychology_284, 正确: False, 检索: 3.6041s, Rerank: 0.0841s, 生成: 2.4324s, 首字: 6.1913s, Rerank占比(总): 1.36%, Rerank占比(检): 2.28%
题号: psychology_285, 正确: False, 检索: 3.5996s, Rerank: 0.0843s, 生成: 2.4434s, 首字: 6.1965s, Rerank占比(总): 1.36%, Rerank占比(检): 2.29%
题号: psychology_286, 正确: False, 检索: 3.5941s, Rerank: 0.0835s, 生成: 2.4263s, 首字: 6.1729s, Rerank占比(总): 1.35%, Rerank占比(检): 2.27%
题号: psychology_287, 正确: False, 检索: 3.6261s, Rerank: 0.0837s, 生成: 2.5478s, 首字: 6.3274s, Rerank占比(总): 1.32%, Rerank占比(检): 2.26%
题号: psychology_288, 正确: False, 检索: 3.5980s, Rerank: 0.0838s, 生成: 2.4400s, 首字: 6.1910s, Rerank占比(总): 1.35%, Rerank占比(检): 2.28%
题号: psychology_289, 正确: False, 检索: 3.6002s, Rerank: 0.0844s, 生成: 2.4350s, 首字: 6.1881s, Rerank占比(总): 1.36%, Rerank占比(检): 2.29%
题号: psychology_290, 正确: False, 检索: 3.6034s, Rerank: 0.0864s, 生成: 2.4442s, 首字: 6.2056s, Rerank占比(总): 1.39%, Rerank占比(检): 2.34%
题号: psychology_291, 正确: False, 检索: 3.6076s, Rerank: 0.0840s, 生成: 2.4353s, 首字: 6.1978s, Rerank占比(总): 1.36%, Rerank占比(检): 2.27%
题号: psychology_292, 正确: True, 检索: 3.5999s, Rerank: 0.0841s, 生成: 2.4284s, 首字: 6.1817s, Rerank占比(总): 1.36%, Rerank占比(检): 2.28%
题号: psychology_293, 正确: False, 检索: 3.6044s, Rerank: 0.0843s, 生成: 2.4259s, 首字: 6.1836s, Rerank占比(总): 1.36%, Rerank占比(检): 2.29%
题号: psychology_294, 正确: True, 检索: 3.5954s, Rerank: 0.0840s, 生成: 2.4249s, 首字: 6.1730s, Rerank占比(总): 1.36%, Rerank占比(检): 2.28%
题号: psychology_295, 正确: False, 检索: 3.5649s, Rerank: 0.0833s, 生成: 2.4280s, 首字: 6.1449s, Rerank占比(总): 1.36%, Rerank占比(检): 2.28%
题号: psychology_296, 正确: False, 检索: 3.5936s, Rerank: 0.0835s, 生成: 2.4267s, 首字: 6.1729s, Rerank占比(总): 1.35%, Rerank占比(检): 2.27%
题号: psychology_297, 正确: False, 检索: 3.5900s, Rerank: 0.0838s, 生成: 2.4273s, 首字: 6.1720s, Rerank占比(总): 1.36%, Rerank占比(检): 2.28%
题号: psychology_298, 正确: True, 检索: 3.5799s, Rerank: 0.0839s, 生成: 2.4238s, 首字: 6.1566s, Rerank占比(总): 1.36%, Rerank占比(检): 2.29%
题号: psychology_299, 正确: False, 检索: 3.5940s, Rerank: 0.0838s, 生成: 2.4237s, 首字: 6.1713s, Rerank占比(总): 1.36%, Rerank占比(检): 2.28%
题号: psychology_300, 正确: True, 检索: 3.6006s, Rerank: 0.0839s, 生成: 2.4217s, 首字: 6.1757s, Rerank占比(总): 1.36%, Rerank占比(检): 2.28%
题号: psychology_301, 正确: True, 检索: 3.6203s, Rerank: 0.0844s, 生成: 2.4329s, 首字: 6.2067s, Rerank占比(总): 1.36%, Rerank占比(检): 2.28%
题号: psychology_302, 正确: True, 检索: 3.6229s, Rerank: 0.0919s, 生成: 2.4998s, 首字: 6.2958s, Rerank占比(总): 1.46%, Rerank占比(检): 2.47%
题号: psychology_303, 正确: False, 检索: 3.6972s, Rerank: 0.0836s, 生成: 2.4361s, 首字: 6.2861s, Rerank占比(总): 1.33%, Rerank占比(检): 2.21%
题号: psychology_304, 正确: True, 检索: 3.6235s, Rerank: 0.0837s, 生成: 2.4337s, 首字: 6.2101s, Rerank占比(总): 1.35%, Rerank占比(检): 2.26%
题号: psychology_305, 正确: False, 检索: 3.6502s, Rerank: 0.0837s, 生成: 2.4319s, 首字: 6.2338s, Rerank占比(总): 1.34%, Rerank占比(检): 2.24%
题号: psychology_306, 正确: False, 检索: 3.6271s, Rerank: 0.0838s, 生成: 2.4275s, 首字: 6.2072s, Rerank占比(总): 1.35%, Rerank占比(检): 2.26%
题号: psychology_307, 正确: False, 检索: 3.6644s, Rerank: 0.0836s, 生成: 2.4310s, 首字: 6.2480s, Rerank占比(总): 1.34%, Rerank占比(检): 2.23%
题号: psychology_308, 正确: False, 检索: 3.6371s, Rerank: 0.0839s, 生成: 2.4276s, 首字: 6.2200s, Rerank占比(总): 1.35%, Rerank占比(检): 2.26%
题号: psychology_309, 正确: False, 检索: 3.6263s, Rerank: 0.0833s, 生成: 2.4344s, 首字: 6.2133s, Rerank占比(总): 1.34%, Rerank占比(检): 2.25%
题号: psychology_310, 正确: False, 检索: 3.6250s, Rerank: 0.0845s, 生成: 2.4251s, 首字: 6.2037s, Rerank占比(总): 1.36%, Rerank占比(检): 2.28%
题号: psychology_311, 正确: False, 检索: 3.5746s, Rerank: 0.0836s, 生成: 2.4195s, 首字: 6.1467s, Rerank占比(总): 1.36%, Rerank占比(检): 2.29%
题号: psychology_312, 正确: False, 检索: 3.5955s, Rerank: 0.0835s, 生成: 2.4189s, 首字: 6.1685s, Rerank占比(总): 1.35%, Rerank占比(检): 2.27%
题号: psychology_313, 正确: True, 检索: 3.5972s, Rerank: 0.0833s, 生成: 2.4228s, 首字: 6.1720s, Rerank占比(总): 1.35%, Rerank占比(检): 2.26%
题号: psychology_314, 正确: False, 检索: 3.5776s, Rerank: 0.0832s, 生成: 2.4219s, 首字: 6.1511s, Rerank占比(总): 1.35%, Rerank占比(检): 2.27%
题号: psychology_315, 正确: True, 检索: 3.5866s, Rerank: 0.0837s, 生成: 2.4301s, 首字: 6.1697s, Rerank占比(总): 1.36%, Rerank占比(检): 2.28%
题号: psychology_316, 正确: True, 检索: 3.5571s, Rerank: 0.0843s, 生成: 2.4240s, 首字: 6.1346s, Rerank占比(总): 1.37%, Rerank占比(检): 2.32%
题号: psychology_317, 正确: False, 检索: 3.5987s, Rerank: 0.0837s, 生成: 2.4220s, 首字: 6.1734s, Rerank占比(总): 1.36%, Rerank占比(检): 2.27%
题号: psychology_318, 正确: False, 检索: 3.5748s, Rerank: 0.0837s, 生成: 2.4216s, 首字: 6.1487s, Rerank占比(总): 1.36%, Rerank占比(检): 2.29%
题号: psychology_319, 正确: False, 检索: 3.5774s, Rerank: 0.0836s, 生成: 2.4200s, 首字: 6.1499s, Rerank占比(总): 1.36%, Rerank占比(检): 2.28%
题号: psychology_320, 正确: False, 检索: 3.5780s, Rerank: 0.0840s, 生成: 2.4195s, 首字: 6.1502s, Rerank占比(总): 1.37%, Rerank占比(检): 2.29%
题号: psychology_321, 正确: True, 检索: 3.5987s, Rerank: 0.0834s, 生成: 2.4178s, 首字: 6.1691s, Rerank占比(总): 1.35%, Rerank占比(检): 2.26%
题号: psychology_322, 正确: False, 检索: 3.5975s, Rerank: 0.0837s, 生成: 2.4205s, 首字: 6.1705s, Rerank占比(总): 1.36%, Rerank占比(检): 2.27%
题号: psychology_323, 正确: False, 检索: 3.6063s, Rerank: 0.0997s, 生成: 2.4583s, 首字: 6.2337s, Rerank占比(总): 1.60%, Rerank占比(检): 2.69%
题号: psychology_324, 正确: False, 检索: 3.6987s, Rerank: 0.0837s, 生成: 2.4445s, 首字: 6.2959s, Rerank占比(总): 1.33%, Rerank占比(检): 2.21%
题号: psychology_325, 正确: False, 检索: 3.6029s, Rerank: 0.0834s, 生成: 2.4237s, 首字: 6.1790s, Rerank占比(总): 1.35%, Rerank占比(检): 2.26%
题号: psychology_326, 正确: False, 检索: 3.6086s, Rerank: 0.0836s, 生成: 2.4242s, 首字: 6.1862s, Rerank占比(总): 1.35%, Rerank占比(检): 2.26%
题号: psychology_327, 正确: False, 检索: 3.6161s, Rerank: 0.0842s, 生成: 2.4446s, 首字: 6.2141s, Rerank占比(总): 1.36%, Rerank占比(检): 2.28%
题号: psychology_328, 正确: True, 检索: 3.6341s, Rerank: 0.0853s, 生成: 2.5055s, 首字: 6.2950s, Rerank占比(总): 1.35%, Rerank占比(检): 2.29%
题号: psychology_329, 正确: True, 检索: 3.7198s, Rerank: 0.0907s, 生成: 2.4578s, 首字: 6.3393s, Rerank占比(总): 1.43%, Rerank占比(检): 2.38%
题号: psychology_330, 正确: False, 检索: 3.6178s, Rerank: 0.0844s, 生成: 2.4354s, 首字: 6.2069s, Rerank占比(总): 1.36%, Rerank占比(检): 2.28%
题号: psychology_331, 正确: True, 检索: 3.5918s, Rerank: 0.0846s, 生成: 2.4289s, 首字: 6.1762s, Rerank占比(总): 1.37%, Rerank占比(检): 2.30%
题号: psychology_332, 正确: False, 检索: 3.6039s, Rerank: 0.0837s, 生成: 2.4306s, 首字: 6.2016s, Rerank占比(总): 1.35%, Rerank占比(检): 2.27%
题号: psychology_333, 正确: False, 检索: 3.6333s, Rerank: 0.0843s, 生成: 2.4247s, 首字: 6.2113s, Rerank占比(总): 1.36%, Rerank占比(检): 2.27%
题号: psychology_334, 正确: False, 检索: 3.6417s, Rerank: 0.0838s, 生成: 2.4195s, 首字: 6.2143s, Rerank占比(总): 1.35%, Rerank占比(检): 2.25%
题号: psychology_335, 正确: False, 检索: 3.6178s, Rerank: 0.0837s, 生成: 2.4215s, 首字: 6.1916s, Rerank占比(总): 1.35%, Rerank占比(检): 2.26%
题号: psychology_336, 正确: False, 检索: 3.6070s, Rerank: 0.0836s, 生成: 2.4256s, 首字: 6.1848s, Rerank占比(总): 1.35%, Rerank占比(检): 2.26%
题号: psychology_337, 正确: False, 检索: 3.5974s, Rerank: 0.0833s, 生成: 2.4257s, 首字: 6.1768s, Rerank占比(总): 1.35%, Rerank占比(检): 2.26%
题号: psychology_338, 正确: False, 检索: 3.5929s, Rerank: 0.0835s, 生成: 2.4254s, 首字: 6.1711s, Rerank占比(总): 1.35%, Rerank占比(检): 2.27%
题号: psychology_339, 正确: False, 检索: 3.6060s, Rerank: 0.0844s, 生成: 2.4295s, 首字: 6.1905s, Rerank占比(总): 1.36%, Rerank占比(检): 2.29%
题号: psychology_340, 正确: False, 检索: 3.6007s, Rerank: 0.0839s, 生成: 2.4231s, 首字: 6.1772s, Rerank占比(总): 1.36%, Rerank占比(检): 2.28%
题号: psychology_341, 正确: True, 检索: 3.6043s, Rerank: 0.0839s, 生成: 2.4217s, 首字: 6.1785s, Rerank占比(总): 1.36%, Rerank占比(检): 2.27%
题号: psychology_342, 正确: False, 检索: 3.5966s, Rerank: 0.0840s, 生成: 2.5183s, 首字: 6.2677s, Rerank占比(总): 1.34%, Rerank占比(检): 2.28%
题号: psychology_343, 正确: True, 检索: 3.6288s, Rerank: 0.0835s, 生成: 2.4317s, 首字: 6.2142s, Rerank占比(总): 1.34%, Rerank占比(检): 2.25%
题号: psychology_344, 正确: False, 检索: 3.6389s, Rerank: 0.0836s, 生成: 2.4356s, 首字: 6.2277s, Rerank占比(总): 1.34%, Rerank占比(检): 2.25%
题号: psychology_345, 正确: False, 检索: 3.7203s, Rerank: 0.0879s, 生成: 2.5334s, 首字: 6.4121s, Rerank占比(总): 1.37%, Rerank占比(检): 2.31%
题号: psychology_346, 正确: False, 检索: 3.6090s, Rerank: 0.0838s, 生成: 2.4334s, 首字: 6.1950s, Rerank占比(总): 1.35%, Rerank占比(检): 2.27%
题号: psychology_347, 正确: False, 检索: 3.6135s, Rerank: 0.0838s, 生成: 2.4312s, 首字: 6.1975s, Rerank占比(总): 1.35%, Rerank占比(检): 2.27%
题号: psychology_348, 正确: False, 检索: 3.6002s, Rerank: 0.0832s, 生成: 2.4363s, 首字: 6.1874s, Rerank占比(总): 1.34%, Rerank占比(检): 2.26%
题号: psychology_349, 正确: False, 检索: 3.6018s, Rerank: 0.0837s, 生成: 2.4239s, 首字: 6.1789s, Rerank占比(总): 1.35%, Rerank占比(检): 2.27%
题号: psychology_350, 正确: False, 检索: 3.5922s, Rerank: 0.0833s, 生成: 2.4483s, 首字: 6.1918s, Rerank占比(总): 1.35%, Rerank占比(检): 2.27%
题号: psychology_351, 正确: True, 检索: 3.6154s, Rerank: 0.0848s, 生成: 2.4293s, 首字: 6.1988s, Rerank占比(总): 1.37%, Rerank占比(检): 2.29%
题号: psychology_352, 正确: True, 检索: 3.5991s, Rerank: 0.0848s, 生成: 2.4257s, 首字: 6.1784s, Rerank占比(总): 1.37%, Rerank占比(检): 2.30%
题号: psychology_353, 正确: False, 检索: 3.5546s, Rerank: 0.0833s, 生成: 2.4276s, 首字: 6.1354s, Rerank占比(总): 1.36%, Rerank占比(检): 2.29%
题号: psychology_354, 正确: False, 检索: 3.5800s, Rerank: 0.0834s, 生成: 2.4216s, 首字: 6.1559s, Rerank占比(总): 1.36%, Rerank占比(检): 2.28%
题号: psychology_355, 正确: False, 检索: 3.5992s, Rerank: 0.0839s, 生成: 2.4602s, 首字: 6.2134s, Rerank占比(总): 1.35%, Rerank占比(检): 2.28%
题号: psychology_356, 正确: False, 检索: 4.7036s, Rerank: 0.0860s, 生成: 2.5038s, 首字: 7.3649s, Rerank占比(总): 1.17%, Rerank占比(检): 1.80%
题号: psychology_357, 正确: False, 检索: 4.7003s, Rerank: 0.0862s, 生成: 2.5073s, 首字: 7.3686s, Rerank占比(总): 1.17%, Rerank占比(检): 1.80%
题号: psychology_358, 正确: False, 检索: 4.6720s, Rerank: 0.0877s, 生成: 2.5073s, 首字: 7.3389s, Rerank占比(总): 1.19%, Rerank占比(检): 1.84%
题号: psychology_359, 正确: False, 检索: 4.6935s, Rerank: 0.0865s, 生成: 2.5035s, 首字: 7.3562s, Rerank占比(总): 1.18%, Rerank占比(检): 1.81%
题号: psychology_360, 正确: False, 检索: 3.6368s, Rerank: 0.0841s, 生成: 2.5140s, 首字: 6.3033s, Rerank占比(总): 1.33%, Rerank占比(检): 2.26%
题号: psychology_361, 正确: True, 检索: 3.7176s, Rerank: 0.0833s, 生成: 2.4482s, 首字: 6.3344s, Rerank占比(总): 1.31%, Rerank占比(检): 2.19%
题号: psychology_362, 正确: False, 检索: 3.6477s, Rerank: 0.0844s, 生成: 2.4696s, 首字: 6.2881s, Rerank占比(总): 1.34%, Rerank占比(检): 2.26%
题号: psychology_363, 正确: False, 检索: 4.6895s, Rerank: 0.0868s, 生成: 2.5200s, 首字: 7.3670s, Rerank占比(总): 1.18%, Rerank占比(检): 1.82%
题号: psychology_364, 正确: True, 检索: 4.6903s, Rerank: 0.0866s, 生成: 2.5255s, 首字: 7.3745s, Rerank占比(总): 1.17%, Rerank占比(检): 1.81%
题号: psychology_365, 正确: True, 检索: 4.6780s, Rerank: 0.0864s, 生成: 2.5031s, 首字: 7.3412s, Rerank占比(总): 1.18%, Rerank占比(检): 1.81%
题号: psychology_366, 正确: False, 检索: 4.6776s, Rerank: 0.0862s, 生成: 2.5042s, 首字: 7.3370s, Rerank占比(总): 1.18%, Rerank占比(检): 1.81%
题号: psychology_367, 正确: False, 检索: 4.6723s, Rerank: 0.0871s, 生成: 2.5011s, 首字: 7.3329s, Rerank占比(总): 1.19%, Rerank占比(检): 1.83%
题号: psychology_368, 正确: False, 检索: 4.6999s, Rerank: 0.0861s, 生成: 2.5055s, 首字: 7.3630s, Rerank占比(总): 1.17%, Rerank占比(检): 1.80%
题号: psychology_369, 正确: False, 检索: 3.8576s, Rerank: 0.0845s, 生成: 2.4399s, 首字: 6.4541s, Rerank占比(总): 1.31%, Rerank占比(检): 2.14%
题号: psychology_370, 正确: True, 检索: 3.5988s, Rerank: 0.0840s, 生成: 2.4305s, 首字: 6.1833s, Rerank占比(总): 1.36%, Rerank占比(检): 2.28%
题号: psychology_371, 正确: False, 检索: 3.6599s, Rerank: 0.0868s, 生成: 2.5150s, 首字: 6.3412s, Rerank占比(总): 1.37%, Rerank占比(检): 2.32%
题号: psychology_372, 正确: False, 检索: 4.6138s, Rerank: 0.0868s, 生成: 2.5213s, 首字: 7.2944s, Rerank占比(总): 1.19%, Rerank占比(检): 1.85%
题号: psychology_373, 正确: True, 检索: 4.6405s, Rerank: 0.0861s, 生成: 2.5119s, 首字: 7.3105s, Rerank占比(总): 1.18%, Rerank占比(检): 1.82%
题号: psychology_374, 正确: False, 检索: 4.4976s, Rerank: 0.0876s, 生成: 2.4697s, 首字: 7.1261s, Rerank占比(总): 1.23%, Rerank占比(检): 1.91%
题号: psychology_375, 正确: True, 检索: 3.7119s, Rerank: 0.0846s, 生成: 2.4604s, 首字: 6.3256s, Rerank占比(总): 1.34%, Rerank占比(检): 2.23%
题号: psychology_376, 正确: True, 检索: 3.5652s, Rerank: 0.0840s, 生成: 2.4460s, 首字: 6.1666s, Rerank占比(总): 1.36%, Rerank占比(检): 2.30%
题号: psychology_377, 正确: True, 检索: 3.6160s, Rerank: 0.0837s, 生成: 2.4174s, 首字: 6.1859s, Rerank占比(总): 1.35%, Rerank占比(检): 2.26%
题号: psychology_378, 正确: True, 检索: 3.5721s, Rerank: 0.0834s, 生成: 2.4180s, 首字: 6.1422s, Rerank占比(总): 1.36%, Rerank占比(检): 2.28%
题号: psychology_379, 正确: False, 检索: 3.5911s, Rerank: 0.0836s, 生成: 2.4193s, 首字: 6.1637s, Rerank占比(总): 1.36%, Rerank占比(检): 2.27%
题号: psychology_380, 正确: True, 检索: 3.5721s, Rerank: 0.0832s, 生成: 2.4138s, 首字: 6.1383s, Rerank占比(总): 1.36%, Rerank占比(检): 2.28%
题号: psychology_381, 正确: False, 检索: 3.6125s, Rerank: 0.0835s, 生成: 2.4126s, 首字: 6.1794s, Rerank占比(总): 1.35%, Rerank占比(检): 2.26%
题号: psychology_382, 正确: True, 检索: 3.5924s, Rerank: 0.0835s, 生成: 2.4164s, 首字: 6.1630s, Rerank占比(总): 1.36%, Rerank占比(检): 2.27%
题号: psychology_383, 正确: False, 检索: 3.7755s, Rerank: 0.0868s, 生成: 2.5162s, 首字: 6.4498s, Rerank占比(总): 1.35%, Rerank占比(检): 2.25%
题号: psychology_384, 正确: False, 检索: 4.6566s, Rerank: 0.0867s, 生成: 2.5277s, 首字: 7.3430s, Rerank占比(总): 1.18%, Rerank占比(检): 1.83%
题号: psychology_385, 正确: False, 检索: 4.6496s, Rerank: 0.0871s, 生成: 2.5187s, 首字: 7.3285s, Rerank占比(总): 1.19%, Rerank占比(检): 1.84%
题号: psychology_386, 正确: True, 检索: 4.6727s, Rerank: 0.0859s, 生成: 2.5073s, 首字: 7.3380s, Rerank占比(总): 1.17%, Rerank占比(检): 1.81%
题号: psychology_387, 正确: True, 检索: 4.6547s, Rerank: 0.0863s, 生成: 2.5161s, 首字: 7.3285s, Rerank占比(总): 1.18%, Rerank占比(检): 1.82%
题号: psychology_388, 正确: True, 检索: 4.6396s, Rerank: 0.0862s, 生成: 2.5042s, 首字: 7.3011s, Rerank占比(总): 1.18%, Rerank占比(检): 1.82%
题号: psychology_389, 正确: True, 检索: 4.6402s, Rerank: 0.0866s, 生成: 2.4995s, 首字: 7.2970s, Rerank占比(总): 1.19%, Rerank占比(检): 1.83%
题号: psychology_390, 正确: False, 检索: 4.6077s, Rerank: 0.0863s, 生成: 2.5102s, 首字: 7.2764s, Rerank占比(总): 1.19%, Rerank占比(检): 1.84%
题号: psychology_391, 正确: False, 检索: 4.6513s, Rerank: 0.0865s, 生成: 2.5082s, 首字: 7.3179s, Rerank占比(总): 1.18%, Rerank占比(检): 1.83%
题号: psychology_392, 正确: False, 检索: 4.6667s, Rerank: 0.0861s, 生成: 2.5068s, 首字: 7.3306s, Rerank占比(总): 1.17%, Rerank占比(检): 1.81%
题号: psychology_393, 正确: False, 检索: 4.5997s, Rerank: 0.0866s, 生成: 2.5049s, 首字: 7.2620s, Rerank占比(总): 1.19%, Rerank占比(检): 1.85%
题号: psychology_394, 正确: False, 检索: 4.6336s, Rerank: 0.0862s, 生成: 2.5044s, 首字: 7.2957s, Rerank占比(总): 1.18%, Rerank占比(检): 1.83%
题号: psychology_395, 正确: False, 检索: 4.5796s, Rerank: 0.0859s, 生成: 2.5090s, 首字: 7.2477s, Rerank占比(总): 1.18%, Rerank占比(检): 1.84%
题号: psychology_396, 正确: True, 检索: 4.6049s, Rerank: 0.0860s, 生成: 2.5044s, 首字: 7.2678s, Rerank占比(总): 1.18%, Rerank占比(检): 1.83%
题号: psychology_397, 正确: False, 检索: 4.5869s, Rerank: 0.0863s, 生成: 2.5086s, 首字: 7.2537s, Rerank占比(总): 1.19%, Rerank占比(检): 1.85%
题号: psychology_398, 正确: False, 检索: 4.6214s, Rerank: 0.0861s, 生成: 2.5064s, 首字: 7.2864s, Rerank占比(总): 1.18%, Rerank占比(检): 1.83%
题号: psychology_399, 正确: False, 检索: 4.6287s, Rerank: 0.0862s, 生成: 2.5091s, 首字: 7.2948s, Rerank占比(总): 1.18%, Rerank占比(检): 1.83%

📊 数据集 psychology 评测完成，统计结果如下：
 🟢 总正确率: 0.3225 (129/400)
 ⏱️ 平均每题 Rerank 耗时: 0.0859 秒
 ⏱️ 平均每题 首字延迟: 6.8088 秒
 📊 平均 Rerank耗时/总耗时比值: 0.0127
 📊 平均 Rerank耗时/检索耗时比值: 0.0205
 📉 重排耗时方差 (Variance): 0.000008 (s²)
 📏 重排耗时标准差 (Std): 0.002873 (s)

==================== 正在评测数据集: mathematics ====================
✅ 选取了 400 道题目 (数据集共 400 道)
题号: mathematics_0, 正确: False, 检索: 4.6669s, Rerank: 0.0860s, 生成: 2.5052s, 首字: 7.3299s, Rerank占比(总): 1.17%, Rerank占比(检): 1.81%
题号: mathematics_1, 正确: False, 检索: 4.6317s, Rerank: 0.0862s, 生成: 2.5053s, 首字: 7.2938s, Rerank占比(总): 1.18%, Rerank占比(检): 1.83%
题号: mathematics_2, 正确: False, 检索: 4.6814s, Rerank: 0.0862s, 生成: 2.5060s, 首字: 7.3442s, Rerank占比(总): 1.17%, Rerank占比(检): 1.81%
题号: mathematics_3, 正确: True, 检索: 4.6445s, Rerank: 0.0864s, 生成: 2.5077s, 首字: 7.3110s, Rerank占比(总): 1.18%, Rerank占比(检): 1.83%
题号: mathematics_4, 正确: False, 检索: 4.6303s, Rerank: 0.0865s, 生成: 2.5059s, 首字: 7.2941s, Rerank占比(总): 1.19%, Rerank占比(检): 1.83%
题号: mathematics_5, 正确: False, 检索: 4.6899s, Rerank: 0.0863s, 生成: 2.5050s, 首字: 7.3517s, Rerank占比(总): 1.17%, Rerank占比(检): 1.81%
题号: mathematics_6, 正确: False, 检索: 4.6415s, Rerank: 0.0859s, 生成: 2.5030s, 首字: 7.3009s, Rerank占比(总): 1.18%, Rerank占比(检): 1.82%
题号: mathematics_7, 正确: False, 检索: 4.6409s, Rerank: 0.0860s, 生成: 2.5057s, 首字: 7.3019s, Rerank占比(总): 1.18%, Rerank占比(检): 1.82%
题号: mathematics_8, 正确: True, 检索: 4.6291s, Rerank: 0.0862s, 生成: 2.5138s, 首字: 7.3009s, Rerank占比(总): 1.18%, Rerank占比(检): 1.83%
题号: mathematics_9, 正确: True, 检索: 4.6276s, Rerank: 0.0858s, 生成: 2.5036s, 首字: 7.2878s, Rerank占比(总): 1.18%, Rerank占比(检): 1.82%
题号: mathematics_10, 正确: True, 检索: 4.6663s, Rerank: 0.0861s, 生成: 2.5033s, 首字: 7.3260s, Rerank占比(总): 1.18%, Rerank占比(检): 1.81%
题号: mathematics_11, 正确: False, 检索: 4.6588s, Rerank: 0.0874s, 生成: 2.5157s, 首字: 7.3330s, Rerank占比(总): 1.19%, Rerank占比(检): 1.84%
题号: mathematics_12, 正确: True, 检索: 4.6552s, Rerank: 0.0860s, 生成: 2.5128s, 首字: 7.3249s, Rerank占比(总): 1.17%, Rerank占比(检): 1.81%
题号: mathematics_13, 正确: False, 检索: 4.6751s, Rerank: 0.0861s, 生成: 2.5173s, 首字: 7.3513s, Rerank占比(总): 1.17%, Rerank占比(检): 1.81%
题号: mathematics_14, 正确: False, 检索: 4.6750s, Rerank: 0.0862s, 生成: 2.5197s, 首字: 7.3507s, Rerank占比(总): 1.17%, Rerank占比(检): 1.81%
题号: mathematics_15, 正确: False, 检索: 4.6801s, Rerank: 0.0868s, 生成: 2.5131s, 首字: 7.3530s, Rerank占比(总): 1.18%, Rerank占比(检): 1.82%
题号: mathematics_16, 正确: True, 检索: 4.6891s, Rerank: 0.0862s, 生成: 2.5127s, 首字: 7.3589s, Rerank占比(总): 1.17%, Rerank占比(检): 1.81%
题号: mathematics_17, 正确: False, 检索: 4.6896s, Rerank: 0.0866s, 生成: 2.5129s, 首字: 7.3588s, Rerank占比(总): 1.18%, Rerank占比(检): 1.81%
题号: mathematics_18, 正确: False, 检索: 4.6858s, Rerank: 0.0866s, 生成: 2.5085s, 首字: 7.3528s, Rerank占比(总): 1.18%, Rerank占比(检): 1.81%
题号: mathematics_19, 正确: False, 检索: 4.6776s, Rerank: 0.0862s, 生成: 2.5073s, 首字: 7.3430s, Rerank占比(总): 1.17%, Rerank占比(检): 1.81%
题号: mathematics_20, 正确: False, 检索: 4.6971s, Rerank: 0.0882s, 生成: 2.5326s, 首字: 7.3879s, Rerank占比(总): 1.19%, Rerank占比(检): 1.84%
题号: mathematics_21, 正确: False, 检索: 4.7260s, Rerank: 0.0865s, 生成: 2.5900s, 首字: 7.4732s, Rerank占比(总): 1.16%, Rerank占比(检): 1.80%
题号: mathematics_22, 正确: False, 检索: 4.7229s, Rerank: 0.0905s, 生成: 2.5787s, 首字: 7.4647s, Rerank占比(总): 1.21%, Rerank占比(检): 1.88%
题号: mathematics_23, 正确: True, 检索: 4.7086s, Rerank: 0.0886s, 生成: 2.6375s, 首字: 7.5096s, Rerank占比(总): 1.18%, Rerank占比(检): 1.85%
题号: mathematics_24, 正确: False, 检索: 4.6815s, Rerank: 0.0869s, 生成: 2.5387s, 首字: 7.3818s, Rerank占比(总): 1.18%, Rerank占比(检): 1.82%
题号: mathematics_25, 正确: True, 检索: 4.6712s, Rerank: 0.0872s, 生成: 2.5189s, 首字: 7.3483s, Rerank占比(总): 1.19%, Rerank占比(检): 1.83%
题号: mathematics_26, 正确: False, 检索: 4.6909s, Rerank: 0.0862s, 生成: 2.5202s, 首字: 7.3686s, Rerank占比(总): 1.17%, Rerank占比(检): 1.80%
题号: mathematics_27, 正确: True, 检索: 4.6431s, Rerank: 0.0864s, 生成: 2.5210s, 首字: 7.3226s, Rerank占比(总): 1.18%, Rerank占比(检): 1.83%
题号: mathematics_28, 正确: False, 检索: 4.6905s, Rerank: 0.0865s, 生成: 2.5147s, 首字: 7.3620s, Rerank占比(总): 1.17%, Rerank占比(检): 1.81%
题号: mathematics_29, 正确: False, 检索: 4.6471s, Rerank: 0.0861s, 生成: 2.5093s, 首字: 7.3129s, Rerank占比(总): 1.18%, Rerank占比(检): 1.82%
题号: mathematics_30, 正确: False, 检索: 4.6720s, Rerank: 0.0862s, 生成: 2.5122s, 首字: 7.3414s, Rerank占比(总): 1.17%, Rerank占比(检): 1.81%
题号: mathematics_31, 正确: False, 检索: 4.6708s, Rerank: 0.0859s, 生成: 2.5071s, 首字: 7.3351s, Rerank占比(总): 1.17%, Rerank占比(检): 1.81%
题号: mathematics_32, 正确: False, 检索: 4.6352s, Rerank: 0.0870s, 生成: 2.5103s, 首字: 7.3042s, Rerank占比(总): 1.19%, Rerank占比(检): 1.84%
题号: mathematics_33, 正确: True, 检索: 4.6321s, Rerank: 0.0864s, 生成: 2.5099s, 首字: 7.2984s, Rerank占比(总): 1.18%, Rerank占比(检): 1.83%
题号: mathematics_34, 正确: False, 检索: 4.6596s, Rerank: 0.0873s, 生成: 2.5125s, 首字: 7.3332s, Rerank占比(总): 1.19%, Rerank占比(检): 1.84%
题号: mathematics_35, 正确: False, 检索: 4.6248s, Rerank: 0.0873s, 生成: 2.5148s, 首字: 7.2983s, Rerank占比(总): 1.20%, Rerank占比(检): 1.85%
题号: mathematics_36, 正确: False, 检索: 4.6725s, Rerank: 0.0866s, 生成: 2.5087s, 首字: 7.3394s, Rerank占比(总): 1.18%, Rerank占比(检): 1.82%
题号: mathematics_37, 正确: True, 检索: 4.6491s, Rerank: 0.0866s, 生成: 2.5103s, 首字: 7.3157s, Rerank占比(总): 1.18%, Rerank占比(检): 1.83%
题号: mathematics_38, 正确: True, 检索: 4.6666s, Rerank: 0.0859s, 生成: 2.5150s, 首字: 7.3402s, Rerank占比(总): 1.17%, Rerank占比(检): 1.81%
题号: mathematics_39, 正确: True, 检索: 4.6232s, Rerank: 0.0875s, 生成: 2.5086s, 首字: 7.2914s, Rerank占比(总): 1.20%, Rerank占比(检): 1.86%
题号: mathematics_40, 正确: False, 检索: 4.6440s, Rerank: 0.0863s, 生成: 2.5113s, 首字: 7.3145s, Rerank占比(总): 1.18%, Rerank占比(检): 1.82%
题号: mathematics_41, 正确: False, 检索: 4.6118s, Rerank: 0.0860s, 生成: 2.5100s, 首字: 7.2781s, Rerank占比(总): 1.18%, Rerank占比(检): 1.83%
题号: mathematics_42, 正确: False, 检索: 4.6208s, Rerank: 0.0865s, 生成: 2.5022s, 首字: 7.2814s, Rerank占比(总): 1.19%, Rerank占比(检): 1.84%
题号: mathematics_43, 正确: False, 检索: 4.6521s, Rerank: 0.0861s, 生成: 2.5042s, 首字: 7.3129s, Rerank占比(总): 1.18%, Rerank占比(检): 1.82%
题号: mathematics_44, 正确: False, 检索: 4.6358s, Rerank: 0.0862s, 生成: 2.5064s, 首字: 7.3004s, Rerank占比(总): 1.18%, Rerank占比(检): 1.83%
题号: mathematics_45, 正确: False, 检索: 4.6520s, Rerank: 0.0856s, 生成: 2.5090s, 首字: 7.3196s, Rerank占比(总): 1.17%, Rerank占比(检): 1.81%
题号: mathematics_46, 正确: False, 检索: 4.6480s, Rerank: 0.0861s, 生成: 2.5108s, 首字: 7.3171s, Rerank占比(总): 1.18%, Rerank占比(检): 1.82%
题号: mathematics_47, 正确: False, 检索: 4.6423s, Rerank: 0.0865s, 生成: 2.5026s, 首字: 7.3021s, Rerank占比(总): 1.19%, Rerank占比(检): 1.83%
题号: mathematics_48, 正确: False, 检索: 4.6407s, Rerank: 0.0864s, 生成: 2.5045s, 首字: 7.3048s, Rerank占比(总): 1.18%, Rerank占比(检): 1.83%
题号: mathematics_49, 正确: False, 检索: 4.6414s, Rerank: 0.0867s, 生成: 2.5068s, 首字: 7.3059s, Rerank占比(总): 1.19%, Rerank占比(检): 1.83%
题号: mathematics_50, 正确: False, 检索: 4.6591s, Rerank: 0.0866s, 生成: 2.5029s, 首字: 7.3204s, Rerank占比(总): 1.18%, Rerank占比(检): 1.83%
题号: mathematics_51, 正确: False, 检索: 4.6975s, Rerank: 0.0871s, 生成: 2.5023s, 首字: 7.3588s, Rerank占比(总): 1.18%, Rerank占比(检): 1.82%
题号: mathematics_52, 正确: False, 检索: 4.6561s, Rerank: 0.0887s, 生成: 2.5117s, 首字: 7.3268s, Rerank占比(总): 1.21%, Rerank占比(检): 1.87%
题号: mathematics_53, 正确: False, 检索: 4.6532s, Rerank: 0.0863s, 生成: 2.5047s, 首字: 7.3160s, Rerank占比(总): 1.18%, Rerank占比(检): 1.82%
题号: mathematics_54, 正确: False, 检索: 4.6319s, Rerank: 0.0868s, 生成: 2.4977s, 首字: 7.2879s, Rerank占比(总): 1.19%, Rerank占比(检): 1.84%
题号: mathematics_55, 正确: False, 检索: 4.6599s, Rerank: 0.0863s, 生成: 2.5010s, 首字: 7.3185s, Rerank占比(总): 1.18%, Rerank占比(检): 1.82%
题号: mathematics_56, 正确: False, 检索: 4.6742s, Rerank: 0.0853s, 生成: 2.4830s, 首字: 7.3136s, Rerank占比(总): 1.17%, Rerank占比(检): 1.79%
题号: mathematics_57, 正确: False, 检索: 4.6489s, Rerank: 0.0860s, 生成: 2.5128s, 首字: 7.3204s, Rerank占比(总): 1.18%, Rerank占比(检): 1.82%
题号: mathematics_58, 正确: False, 检索: 4.6697s, Rerank: 0.0862s, 生成: 2.5083s, 首字: 7.3350s, Rerank占比(总): 1.18%, Rerank占比(检): 1.81%
题号: mathematics_59, 正确: False, 检索: 4.6331s, Rerank: 0.0868s, 生成: 2.5113s, 首字: 7.3026s, Rerank占比(总): 1.19%, Rerank占比(检): 1.84%
题号: mathematics_60, 正确: False, 检索: 4.6484s, Rerank: 0.0858s, 生成: 2.5088s, 首字: 7.3129s, Rerank占比(总): 1.17%, Rerank占比(检): 1.81%
题号: mathematics_61, 正确: False, 检索: 3.5866s, Rerank: 0.0834s, 生成: 2.4318s, 首字: 6.1710s, Rerank占比(总): 1.35%, Rerank占比(检): 2.27%
题号: mathematics_62, 正确: False, 检索: 3.5522s, Rerank: 0.0834s, 生成: 2.4286s, 首字: 6.1325s, Rerank占比(总): 1.36%, Rerank占比(检): 2.29%
题号: mathematics_63, 正确: False, 检索: 3.5544s, Rerank: 0.0835s, 生成: 2.4303s, 首字: 6.1385s, Rerank占比(总): 1.36%, Rerank占比(检): 2.30%
题号: mathematics_64, 正确: True, 检索: 3.5442s, Rerank: 0.0831s, 生成: 2.4250s, 首字: 6.1207s, Rerank占比(总): 1.36%, Rerank占比(检): 2.29%
题号: mathematics_65, 正确: False, 检索: 3.5663s, Rerank: 0.0834s, 生成: 2.4220s, 首字: 6.1415s, Rerank占比(总): 1.36%, Rerank占比(检): 2.29%
题号: mathematics_66, 正确: False, 检索: 3.5524s, Rerank: 0.0832s, 生成: 2.4215s, 首字: 6.1258s, Rerank占比(总): 1.36%, Rerank占比(检): 2.29%
题号: mathematics_67, 正确: False, 检索: 3.5505s, Rerank: 0.0839s, 生成: 2.4206s, 首字: 6.1240s, Rerank占比(总): 1.37%, Rerank占比(检): 2.31%
题号: mathematics_68, 正确: False, 检索: 3.5547s, Rerank: 0.0831s, 生成: 2.4303s, 首字: 6.1374s, Rerank占比(总): 1.35%, Rerank占比(检): 2.28%
题号: mathematics_69, 正确: True, 检索: 3.5873s, Rerank: 0.0836s, 生成: 2.4224s, 首字: 6.1628s, Rerank占比(总): 1.36%, Rerank占比(检): 2.28%
题号: mathematics_70, 正确: False, 检索: 3.5601s, Rerank: 0.0842s, 生成: 2.4329s, 首字: 6.1469s, Rerank占比(总): 1.37%, Rerank占比(检): 2.31%
题号: mathematics_71, 正确: False, 检索: 3.5824s, Rerank: 0.0832s, 生成: 2.4312s, 首字: 6.1659s, Rerank占比(总): 1.35%, Rerank占比(检): 2.27%
题号: mathematics_72, 正确: True, 检索: 3.5465s, Rerank: 0.0840s, 生成: 2.4265s, 首字: 6.1262s, Rerank占比(总): 1.37%, Rerank占比(检): 2.31%
题号: mathematics_73, 正确: True, 检索: 3.5099s, Rerank: 0.0833s, 生成: 2.4207s, 首字: 6.0832s, Rerank占比(总): 1.37%, Rerank占比(检): 2.32%
题号: mathematics_74, 正确: False, 检索: 3.5115s, Rerank: 0.0828s, 生成: 2.4174s, 首字: 6.0808s, Rerank占比(总): 1.36%, Rerank占比(检): 2.30%
题号: mathematics_75, 正确: False, 检索: 3.5063s, Rerank: 0.0833s, 生成: 2.4198s, 首字: 6.0785s, Rerank占比(总): 1.37%, Rerank占比(检): 2.32%
题号: mathematics_76, 正确: False, 检索: 3.5129s, Rerank: 0.0834s, 生成: 2.4160s, 首字: 6.0816s, Rerank占比(总): 1.37%, Rerank占比(检): 2.32%
题号: mathematics_77, 正确: True, 检索: 3.5131s, Rerank: 0.0833s, 生成: 2.4144s, 首字: 6.0822s, Rerank占比(总): 1.37%, Rerank占比(检): 2.32%
题号: mathematics_78, 正确: False, 检索: 3.5133s, Rerank: 0.0838s, 生成: 2.4211s, 首字: 6.0874s, Rerank占比(总): 1.38%, Rerank占比(检): 2.33%
题号: mathematics_79, 正确: False, 检索: 3.5054s, Rerank: 0.0838s, 生成: 2.4215s, 首字: 6.0795s, Rerank占比(总): 1.38%, Rerank占比(检): 2.33%
题号: mathematics_80, 正确: False, 检索: 3.5055s, Rerank: 0.0831s, 生成: 2.4198s, 首字: 6.0773s, Rerank占比(总): 1.37%, Rerank占比(检): 2.32%
题号: mathematics_81, 正确: True, 检索: 3.4987s, Rerank: 0.0834s, 生成: 2.4178s, 首字: 6.0688s, Rerank占比(总): 1.37%, Rerank占比(检): 2.33%
题号: mathematics_82, 正确: False, 检索: 3.4963s, Rerank: 0.0837s, 生成: 2.4228s, 首字: 6.0725s, Rerank占比(总): 1.38%, Rerank占比(检): 2.34%
题号: mathematics_83, 正确: False, 检索: 3.4912s, Rerank: 0.0835s, 生成: 2.4232s, 首字: 6.0678s, Rerank占比(总): 1.38%, Rerank占比(检): 2.34%
题号: mathematics_84, 正确: True, 检索: 3.5035s, Rerank: 0.0839s, 生成: 2.4219s, 首字: 6.0792s, Rerank占比(总): 1.38%, Rerank占比(检): 2.34%
题号: mathematics_85, 正确: False, 检索: 3.4970s, Rerank: 0.0837s, 生成: 2.5265s, 首字: 6.1767s, Rerank占比(总): 1.35%, Rerank占比(检): 2.34%
题号: mathematics_86, 正确: False, 检索: 3.5310s, Rerank: 0.0837s, 生成: 2.4281s, 首字: 6.1110s, Rerank占比(总): 1.37%, Rerank占比(检): 2.31%
题号: mathematics_87, 正确: False, 检索: 3.5049s, Rerank: 0.0834s, 生成: 2.4265s, 首字: 6.0836s, Rerank占比(总): 1.37%, Rerank占比(检): 2.32%
题号: mathematics_88, 正确: False, 检索: 3.4952s, Rerank: 0.0834s, 生成: 2.4274s, 首字: 6.0744s, Rerank占比(总): 1.37%, Rerank占比(检): 2.33%
题号: mathematics_89, 正确: False, 检索: 3.4958s, Rerank: 0.0838s, 生成: 2.4224s, 首字: 6.0707s, Rerank占比(总): 1.38%, Rerank占比(检): 2.34%
题号: mathematics_90, 正确: False, 检索: 3.4882s, Rerank: 0.0840s, 生成: 2.4739s, 首字: 6.1165s, Rerank占比(总): 1.37%, Rerank占比(检): 2.35%
题号: mathematics_91, 正确: False, 检索: 3.4954s, Rerank: 0.0837s, 生成: 2.4194s, 首字: 6.0669s, Rerank占比(总): 1.38%, Rerank占比(检): 2.34%
题号: mathematics_92, 正确: False, 检索: 3.4897s, Rerank: 0.0834s, 生成: 2.4851s, 首字: 6.1282s, Rerank占比(总): 1.36%, Rerank占比(检): 2.33%
题号: mathematics_93, 正确: False, 检索: 4.4868s, Rerank: 0.0857s, 生成: 2.5161s, 首字: 7.1589s, Rerank占比(总): 1.20%, Rerank占比(检): 1.87%
题号: mathematics_94, 正确: False, 检索: 3.7468s, Rerank: 0.0866s, 生成: 2.4987s, 首字: 6.4013s, Rerank占比(总): 1.35%, Rerank占比(检): 2.26%
题号: mathematics_95, 正确: True, 检索: 3.5209s, Rerank: 0.0835s, 生成: 2.4268s, 首字: 6.1028s, Rerank占比(总): 1.37%, Rerank占比(检): 2.32%
题号: mathematics_96, 正确: True, 检索: 3.5161s, Rerank: 0.0834s, 生成: 2.4292s, 首字: 6.0977s, Rerank占比(总): 1.37%, Rerank占比(检): 2.32%
题号: mathematics_97, 正确: False, 检索: 3.5172s, Rerank: 0.0836s, 生成: 2.4298s, 首字: 6.0999s, Rerank占比(总): 1.37%, Rerank占比(检): 2.32%
题号: mathematics_98, 正确: False, 检索: 3.5327s, Rerank: 0.0837s, 生成: 2.4518s, 首字: 6.1370s, Rerank占比(总): 1.36%, Rerank占比(检): 2.31%
题号: mathematics_99, 正确: True, 检索: 3.5215s, Rerank: 0.0833s, 生成: 2.4245s, 首字: 6.0985s, Rerank占比(总): 1.37%, Rerank占比(检): 2.31%
题号: mathematics_100, 正确: False, 检索: 3.4879s, Rerank: 0.0834s, 生成: 2.4284s, 首字: 6.0684s, Rerank占比(总): 1.37%, Rerank占比(检): 2.33%
题号: mathematics_101, 正确: False, 检索: 3.5106s, Rerank: 0.0842s, 生成: 2.4232s, 首字: 6.0879s, Rerank占比(总): 1.38%, Rerank占比(检): 2.34%
题号: mathematics_102, 正确: True, 检索: 3.5131s, Rerank: 0.0831s, 生成: 2.4264s, 首字: 6.0910s, Rerank占比(总): 1.36%, Rerank占比(检): 2.31%
题号: mathematics_103, 正确: False, 检索: 3.5051s, Rerank: 0.0850s, 生成: 2.4268s, 首字: 6.0867s, Rerank占比(总): 1.40%, Rerank占比(检): 2.37%
题号: mathematics_104, 正确: False, 检索: 3.4936s, Rerank: 0.0833s, 生成: 2.4324s, 首字: 6.0784s, Rerank占比(总): 1.37%, Rerank占比(检): 2.33%
题号: mathematics_105, 正确: False, 检索: 3.4897s, Rerank: 0.0836s, 生成: 2.4191s, 首字: 6.0605s, Rerank占比(总): 1.38%, Rerank占比(检): 2.34%
题号: mathematics_106, 正确: False, 检索: 3.4874s, Rerank: 0.0829s, 生成: 2.4195s, 首字: 6.0579s, Rerank占比(总): 1.37%, Rerank占比(检): 2.32%
题号: mathematics_107, 正确: False, 检索: 3.5096s, Rerank: 0.0889s, 生成: 2.5767s, 首字: 6.2449s, Rerank占比(总): 1.42%, Rerank占比(检): 2.47%
题号: mathematics_108, 正确: False, 检索: 3.5003s, Rerank: 0.0832s, 生成: 2.4192s, 首字: 6.0724s, Rerank占比(总): 1.37%, Rerank占比(检): 2.32%
题号: mathematics_109, 正确: False, 检索: 3.4897s, Rerank: 0.0834s, 生成: 2.4256s, 首字: 6.0701s, Rerank占比(总): 1.37%, Rerank占比(检): 2.33%
题号: mathematics_110, 正确: False, 检索: 3.5025s, Rerank: 0.0836s, 生成: 2.4184s, 首字: 6.0744s, Rerank占比(总): 1.38%, Rerank占比(检): 2.33%
题号: mathematics_111, 正确: False, 检索: 3.4977s, Rerank: 0.0837s, 生成: 2.4233s, 首字: 6.0745s, Rerank占比(总): 1.38%, Rerank占比(检): 2.34%
题号: mathematics_112, 正确: True, 检索: 3.4986s, Rerank: 0.0841s, 生成: 2.4235s, 首字: 6.0750s, Rerank占比(总): 1.38%, Rerank占比(检): 2.35%
题号: mathematics_113, 正确: False, 检索: 3.5098s, Rerank: 0.0835s, 生成: 2.4276s, 首字: 6.0902s, Rerank占比(总): 1.37%, Rerank占比(检): 2.32%
题号: mathematics_114, 正确: False, 检索: 3.4972s, Rerank: 0.0833s, 生成: 2.4288s, 首字: 6.0787s, Rerank占比(总): 1.37%, Rerank占比(检): 2.33%
题号: mathematics_115, 正确: False, 检索: 3.5024s, Rerank: 0.0841s, 生成: 2.6063s, 首字: 6.2618s, Rerank占比(总): 1.34%, Rerank占比(检): 2.34%
题号: mathematics_116, 正确: False, 检索: 3.5536s, Rerank: 0.0880s, 生成: 2.5444s, 首字: 6.2564s, Rerank占比(总): 1.41%, Rerank占比(检): 2.42%
题号: mathematics_117, 正确: True, 检索: 3.5140s, Rerank: 0.0839s, 生成: 2.4586s, 首字: 6.1272s, Rerank占比(总): 1.37%, Rerank占比(检): 2.33%
题号: mathematics_118, 正确: False, 检索: 3.5563s, Rerank: 0.0831s, 生成: 2.4215s, 首字: 6.1296s, Rerank占比(总): 1.36%, Rerank占比(检): 2.28%
题号: mathematics_119, 正确: False, 检索: 3.5196s, Rerank: 0.0839s, 生成: 2.4186s, 首字: 6.0907s, Rerank占比(总): 1.38%, Rerank占比(检): 2.33%
题号: mathematics_120, 正确: False, 检索: 3.5129s, Rerank: 0.0835s, 生成: 2.4301s, 首字: 6.0956s, Rerank占比(总): 1.37%, Rerank占比(检): 2.32%
题号: mathematics_121, 正确: False, 检索: 3.5333s, Rerank: 0.0838s, 生成: 2.4194s, 首字: 6.1052s, Rerank占比(总): 1.37%, Rerank占比(检): 2.32%
题号: mathematics_122, 正确: True, 检索: 3.5067s, Rerank: 0.0878s, 生成: 2.5287s, 首字: 6.1991s, Rerank占比(总): 1.42%, Rerank占比(检): 2.44%
题号: mathematics_123, 正确: True, 检索: 3.5425s, Rerank: 0.0858s, 生成: 2.5179s, 首字: 6.2151s, Rerank占比(总): 1.38%, Rerank占比(检): 2.37%
题号: mathematics_124, 正确: False, 检索: 3.4885s, Rerank: 0.0833s, 生成: 2.4467s, 首字: 6.0870s, Rerank占比(总): 1.37%, Rerank占比(检): 2.33%
题号: mathematics_125, 正确: True, 检索: 4.4853s, Rerank: 0.0860s, 生成: 2.5161s, 首字: 7.1599s, Rerank占比(总): 1.20%, Rerank占比(检): 1.88%
题号: mathematics_126, 正确: False, 检索: 4.5806s, Rerank: 0.0864s, 生成: 2.5177s, 首字: 7.2546s, Rerank占比(总): 1.19%, Rerank占比(检): 1.85%
题号: mathematics_127, 正确: False, 检索: 4.6135s, Rerank: 0.0872s, 生成: 2.5146s, 首字: 7.2883s, Rerank占比(总): 1.20%, Rerank占比(检): 1.85%
题号: mathematics_128, 正确: False, 检索: 4.5899s, Rerank: 0.0865s, 生成: 2.5139s, 首字: 7.2625s, Rerank占比(总): 1.19%, Rerank占比(检): 1.85%
题号: mathematics_129, 正确: True, 检索: 4.6291s, Rerank: 0.0866s, 生成: 2.5158s, 首字: 7.3027s, Rerank占比(总): 1.19%, Rerank占比(检): 1.84%
题号: mathematics_130, 正确: False, 检索: 4.5946s, Rerank: 0.0865s, 生成: 2.5125s, 首字: 7.2670s, Rerank占比(总): 1.19%, Rerank占比(检): 1.85%
题号: mathematics_131, 正确: False, 检索: 4.5529s, Rerank: 0.0866s, 生成: 2.5148s, 首字: 7.2276s, Rerank占比(总): 1.20%, Rerank占比(检): 1.87%
题号: mathematics_132, 正确: True, 检索: 4.5584s, Rerank: 0.0861s, 生成: 2.5138s, 首字: 7.2307s, Rerank占比(总): 1.19%, Rerank占比(检): 1.85%
题号: mathematics_133, 正确: False, 检索: 4.6109s, Rerank: 0.0863s, 生成: 2.5129s, 首字: 7.2829s, Rerank占比(总): 1.18%, Rerank占比(检): 1.84%
题号: mathematics_134, 正确: False, 检索: 4.5437s, Rerank: 0.0865s, 生成: 2.5116s, 首字: 7.2137s, Rerank占比(总): 1.20%, Rerank占比(检): 1.87%
题号: mathematics_135, 正确: True, 检索: 4.5542s, Rerank: 0.0863s, 生成: 2.5174s, 首字: 7.2297s, Rerank占比(总): 1.19%, Rerank占比(检): 1.86%
题号: mathematics_136, 正确: True, 检索: 4.5797s, Rerank: 0.0861s, 生成: 2.5130s, 首字: 7.2547s, Rerank占比(总): 1.19%, Rerank占比(检): 1.84%
题号: mathematics_137, 正确: False, 检索: 4.6161s, Rerank: 0.0869s, 生成: 2.5162s, 首字: 7.2900s, Rerank占比(总): 1.19%, Rerank占比(检): 1.85%
题号: mathematics_138, 正确: False, 检索: 4.5721s, Rerank: 0.0869s, 生成: 2.4884s, 首字: 7.2223s, Rerank占比(总): 1.20%, Rerank占比(检): 1.86%
题号: mathematics_139, 正确: False, 检索: 3.5163s, Rerank: 0.0836s, 生成: 2.4299s, 首字: 6.0984s, Rerank占比(总): 1.37%, Rerank占比(检): 2.32%
题号: mathematics_140, 正确: False, 检索: 3.5196s, Rerank: 0.0836s, 生成: 2.4362s, 首字: 6.1101s, Rerank占比(总): 1.37%, Rerank占比(检): 2.32%
题号: mathematics_141, 正确: False, 检索: 3.5352s, Rerank: 0.0834s, 生成: 2.4498s, 首字: 6.1372s, Rerank占比(总): 1.36%, Rerank占比(检): 2.31%
题号: mathematics_142, 正确: False, 检索: 3.5269s, Rerank: 0.0829s, 生成: 2.4264s, 首字: 6.1086s, Rerank占比(总): 1.36%, Rerank占比(检): 2.30%
题号: mathematics_143, 正确: False, 检索: 3.4920s, Rerank: 0.0837s, 生成: 2.4315s, 首字: 6.0753s, Rerank占比(总): 1.38%, Rerank占比(检): 2.34%
题号: mathematics_144, 正确: False, 检索: 3.4895s, Rerank: 0.0829s, 生成: 2.4257s, 首字: 6.0675s, Rerank占比(总): 1.37%, Rerank占比(检): 2.32%
题号: mathematics_145, 正确: False, 检索: 3.4946s, Rerank: 0.0832s, 生成: 2.4257s, 首字: 6.0715s, Rerank占比(总): 1.37%, Rerank占比(检): 2.32%
题号: mathematics_146, 正确: False, 检索: 3.4921s, Rerank: 0.0833s, 生成: 2.4369s, 首字: 6.0820s, Rerank占比(总): 1.37%, Rerank占比(检): 2.33%
题号: mathematics_147, 正确: False, 检索: 3.5017s, Rerank: 0.0833s, 生成: 2.4255s, 首字: 6.0796s, Rerank占比(总): 1.37%, Rerank占比(检): 2.32%
题号: mathematics_148, 正确: False, 检索: 3.4902s, Rerank: 0.0834s, 生成: 2.4265s, 首字: 6.0685s, Rerank占比(总): 1.37%, Rerank占比(检): 2.33%
题号: mathematics_149, 正确: False, 检索: 3.5062s, Rerank: 0.0838s, 生成: 2.5393s, 首字: 6.1992s, Rerank占比(总): 1.35%, Rerank占比(检): 2.33%
题号: mathematics_150, 正确: False, 检索: 3.5519s, Rerank: 0.0890s, 生成: 2.4485s, 首字: 6.1596s, Rerank占比(总): 1.45%, Rerank占比(检): 2.45%
题号: mathematics_151, 正确: True, 检索: 3.5042s, Rerank: 0.0830s, 生成: 2.4209s, 首字: 6.0763s, Rerank占比(总): 1.37%, Rerank占比(检): 2.31%
题号: mathematics_152, 正确: False, 检索: 3.4997s, Rerank: 0.0831s, 生成: 2.4522s, 首字: 6.1042s, Rerank占比(总): 1.36%, Rerank占比(检): 2.32%
题号: mathematics_153, 正确: True, 检索: 3.5265s, Rerank: 0.0836s, 生成: 2.4205s, 首字: 6.0998s, Rerank占比(总): 1.37%, Rerank占比(检): 2.32%
题号: mathematics_154, 正确: True, 检索: 3.5003s, Rerank: 0.0834s, 生成: 2.4249s, 首字: 6.0787s, Rerank占比(总): 1.37%, Rerank占比(检): 2.33%
题号: mathematics_155, 正确: True, 检索: 3.5027s, Rerank: 0.0835s, 生成: 2.4236s, 首字: 6.0784s, Rerank占比(总): 1.37%, Rerank占比(检): 2.33%
题号: mathematics_156, 正确: False, 检索: 3.4951s, Rerank: 0.0838s, 生成: 2.4204s, 首字: 6.0692s, Rerank占比(总): 1.38%, Rerank占比(检): 2.34%
题号: mathematics_157, 正确: True, 检索: 3.5013s, Rerank: 0.0837s, 生成: 2.4260s, 首字: 6.0796s, Rerank占比(总): 1.38%, Rerank占比(检): 2.34%
题号: mathematics_158, 正确: True, 检索: 3.5012s, Rerank: 0.0834s, 生成: 2.4223s, 首字: 6.0767s, Rerank占比(总): 1.37%, Rerank占比(检): 2.33%
题号: mathematics_159, 正确: False, 检索: 3.5187s, Rerank: 0.0843s, 生成: 2.4909s, 首字: 6.1626s, Rerank占比(总): 1.37%, Rerank占比(检): 2.34%
题号: mathematics_160, 正确: False, 检索: 3.5307s, Rerank: 0.0859s, 生成: 2.4694s, 首字: 6.1572s, Rerank占比(总): 1.40%, Rerank占比(检): 2.38%
题号: mathematics_161, 正确: False, 检索: 3.5285s, Rerank: 0.0867s, 生成: 2.4898s, 首字: 6.1744s, Rerank占比(总): 1.40%, Rerank占比(检): 2.40%
题号: mathematics_162, 正确: True, 检索: 3.5327s, Rerank: 0.0866s, 生成: 2.5057s, 首字: 6.1927s, Rerank占比(总): 1.40%, Rerank占比(检): 2.39%
题号: mathematics_163, 正确: True, 检索: 3.5354s, Rerank: 0.0865s, 生成: 2.4353s, 首字: 6.1267s, Rerank占比(总): 1.41%, Rerank占比(检): 2.39%
题号: mathematics_164, 正确: False, 检索: 3.5075s, Rerank: 0.0844s, 生成: 2.4243s, 首字: 6.0842s, Rerank占比(总): 1.39%, Rerank占比(检): 2.35%
题号: mathematics_165, 正确: False, 检索: 3.5060s, Rerank: 0.0833s, 生成: 2.4301s, 首字: 6.0889s, Rerank占比(总): 1.37%, Rerank占比(检): 2.32%
题号: mathematics_166, 正确: False, 检索: 3.5011s, Rerank: 0.0839s, 生成: 2.4312s, 首字: 6.0846s, Rerank占比(总): 1.38%, Rerank占比(检): 2.34%
题号: mathematics_167, 正确: False, 检索: 3.5059s, Rerank: 0.0839s, 生成: 2.4262s, 首字: 6.0846s, Rerank占比(总): 1.38%, Rerank占比(检): 2.34%
题号: mathematics_168, 正确: True, 检索: 3.5330s, Rerank: 0.0845s, 生成: 2.4511s, 首字: 6.1382s, Rerank占比(总): 1.38%, Rerank占比(检): 2.34%
题号: mathematics_169, 正确: False, 检索: 3.5038s, Rerank: 0.0837s, 生成: 2.4259s, 首字: 6.0832s, Rerank占比(总): 1.38%, Rerank占比(检): 2.33%
题号: mathematics_170, 正确: True, 检索: 3.5011s, Rerank: 0.0832s, 生成: 2.4303s, 首字: 6.0841s, Rerank占比(总): 1.37%, Rerank占比(检): 2.32%
题号: mathematics_171, 正确: False, 检索: 3.5060s, Rerank: 0.0836s, 生成: 2.4232s, 首字: 6.0832s, Rerank占比(总): 1.37%, Rerank占比(检): 2.33%
题号: mathematics_172, 正确: False, 检索: 3.5148s, Rerank: 0.0832s, 生成: 2.4209s, 首字: 6.0887s, Rerank占比(总): 1.37%, Rerank占比(检): 2.31%
题号: mathematics_173, 正确: False, 检索: 3.5124s, Rerank: 0.0835s, 生成: 2.4202s, 首字: 6.0884s, Rerank占比(总): 1.37%, Rerank占比(检): 2.32%
题号: mathematics_174, 正确: False, 检索: 3.5124s, Rerank: 0.0839s, 生成: 2.4243s, 首字: 6.0904s, Rerank占比(总): 1.38%, Rerank占比(检): 2.33%
题号: mathematics_175, 正确: False, 检索: 3.5121s, Rerank: 0.0876s, 生成: 2.4350s, 首字: 6.1043s, Rerank占比(总): 1.44%, Rerank占比(检): 2.43%
题号: mathematics_176, 正确: True, 检索: 3.5246s, Rerank: 0.0837s, 生成: 2.4342s, 首字: 6.1121s, Rerank占比(总): 1.37%, Rerank占比(检): 2.32%
题号: mathematics_177, 正确: False, 检索: 3.5129s, Rerank: 0.0828s, 生成: 2.4148s, 首字: 6.0805s, Rerank占比(总): 1.36%, Rerank占比(检): 2.30%
题号: mathematics_178, 正确: False, 检索: 3.4969s, Rerank: 0.0831s, 生成: 2.4169s, 首字: 6.0657s, Rerank占比(总): 1.37%, Rerank占比(检): 2.32%
题号: mathematics_179, 正确: True, 检索: 3.5007s, Rerank: 0.0830s, 生成: 2.4146s, 首字: 6.0674s, Rerank占比(总): 1.37%, Rerank占比(检): 2.32%
题号: mathematics_180, 正确: False, 检索: 3.4954s, Rerank: 0.0830s, 生成: 2.4149s, 首字: 6.0623s, Rerank占比(总): 1.37%, Rerank占比(检): 2.32%
题号: mathematics_181, 正确: True, 检索: 3.5004s, Rerank: 0.0833s, 生成: 2.4183s, 首字: 6.0707s, Rerank占比(总): 1.37%, Rerank占比(检): 2.32%
题号: mathematics_182, 正确: False, 检索: 3.4976s, Rerank: 0.0830s, 生成: 2.4187s, 首字: 6.0679s, Rerank占比(总): 1.37%, Rerank占比(检): 2.32%
题号: mathematics_183, 正确: False, 检索: 3.4981s, Rerank: 0.0829s, 生成: 2.4175s, 首字: 6.0677s, Rerank占比(总): 1.37%, Rerank占比(检): 2.32%
题号: mathematics_184, 正确: True, 检索: 3.4828s, Rerank: 0.0833s, 生成: 2.4180s, 首字: 6.0532s, Rerank占比(总): 1.38%, Rerank占比(检): 2.33%
题号: mathematics_185, 正确: False, 检索: 3.4930s, Rerank: 0.0828s, 生成: 2.4167s, 首字: 6.0619s, Rerank占比(总): 1.37%, Rerank占比(检): 2.31%
题号: mathematics_186, 正确: True, 检索: 3.4899s, Rerank: 0.0830s, 生成: 2.4210s, 首字: 6.0624s, Rerank占比(总): 1.37%, Rerank占比(检): 2.32%
题号: mathematics_187, 正确: False, 检索: 3.4959s, Rerank: 0.0828s, 生成: 2.4149s, 首字: 6.0616s, Rerank占比(总): 1.37%, Rerank占比(检): 2.31%
题号: mathematics_188, 正确: True, 检索: 3.4838s, Rerank: 0.0835s, 生成: 2.4165s, 首字: 6.0533s, Rerank占比(总): 1.38%, Rerank占比(检): 2.34%
题号: mathematics_189, 正确: False, 检索: 3.4895s, Rerank: 0.0834s, 生成: 2.4127s, 首字: 6.0554s, Rerank占比(总): 1.38%, Rerank占比(检): 2.33%
题号: mathematics_190, 正确: False, 检索: 3.4875s, Rerank: 0.0830s, 生成: 2.4156s, 首字: 6.0551s, Rerank占比(总): 1.37%, Rerank占比(检): 2.32%
题号: mathematics_191, 正确: False, 检索: 3.4864s, Rerank: 0.0833s, 生成: 2.4165s, 首字: 6.0565s, Rerank占比(总): 1.38%, Rerank占比(检): 2.33%
题号: mathematics_192, 正确: False, 检索: 3.4863s, Rerank: 0.0830s, 生成: 2.4174s, 首字: 6.0557s, Rerank占比(总): 1.37%, Rerank占比(检): 2.32%
题号: mathematics_193, 正确: True, 检索: 3.4998s, Rerank: 0.0837s, 生成: 2.4164s, 首字: 6.0835s, Rerank占比(总): 1.38%, Rerank占比(检): 2.34%
题号: mathematics_194, 正确: True, 检索: 3.4877s, Rerank: 0.0831s, 生成: 2.4166s, 首字: 6.0560s, Rerank占比(总): 1.37%, Rerank占比(检): 2.33%
题号: mathematics_195, 正确: False, 检索: 3.4916s, Rerank: 0.0828s, 生成: 2.4177s, 首字: 6.0612s, Rerank占比(总): 1.37%, Rerank占比(检): 2.32%
题号: mathematics_196, 正确: False, 检索: 3.4940s, Rerank: 0.0828s, 生成: 2.4187s, 首字: 6.0653s, Rerank占比(总): 1.37%, Rerank占比(检): 2.31%
题号: mathematics_197, 正确: True, 检索: 3.4935s, Rerank: 0.0828s, 生成: 2.4190s, 首字: 6.0647s, Rerank占比(总): 1.36%, Rerank占比(检): 2.31%
题号: mathematics_198, 正确: True, 检索: 3.4913s, Rerank: 0.0834s, 生成: 2.4197s, 首字: 6.0630s, Rerank占比(总): 1.38%, Rerank占比(检): 2.33%
题号: mathematics_199, 正确: True, 检索: 3.4946s, Rerank: 0.0832s, 生成: 2.4164s, 首字: 6.0646s, Rerank占比(总): 1.37%, Rerank占比(检): 2.33%
题号: mathematics_200, 正确: False, 检索: 3.4865s, Rerank: 0.0832s, 生成: 2.4158s, 首字: 6.0543s, Rerank占比(总): 1.37%, Rerank占比(检): 2.33%
题号: mathematics_201, 正确: False, 检索: 3.4894s, Rerank: 0.0834s, 生成: 2.4188s, 首字: 6.0614s, Rerank占比(总): 1.38%, Rerank占比(检): 2.33%
题号: mathematics_202, 正确: True, 检索: 3.4860s, Rerank: 0.0835s, 生成: 2.4184s, 首字: 6.0570s, Rerank占比(总): 1.38%, Rerank占比(检): 2.34%
题号: mathematics_203, 正确: False, 检索: 3.4914s, Rerank: 0.0851s, 生成: 2.4348s, 首字: 6.0807s, Rerank占比(总): 1.40%, Rerank占比(检): 2.38%
题号: mathematics_204, 正确: True, 检索: 3.5007s, Rerank: 0.0832s, 生成: 2.4253s, 首字: 6.0783s, Rerank占比(总): 1.37%, Rerank占比(检): 2.32%
题号: mathematics_205, 正确: False, 检索: 3.5097s, Rerank: 0.0835s, 生成: 2.4304s, 首字: 6.0919s, Rerank占比(总): 1.37%, Rerank占比(检): 2.32%
题号: mathematics_206, 正确: False, 检索: 3.4906s, Rerank: 0.0836s, 生成: 2.4289s, 首字: 6.0725s, Rerank占比(总): 1.38%, Rerank占比(检): 2.34%
题号: mathematics_207, 正确: True, 检索: 3.5001s, Rerank: 0.0839s, 生成: 2.4305s, 首字: 6.0833s, Rerank占比(总): 1.38%, Rerank占比(检): 2.34%
题号: mathematics_208, 正确: False, 检索: 3.4932s, Rerank: 0.0837s, 生成: 2.4700s, 首字: 6.1183s, Rerank占比(总): 1.37%, Rerank占比(检): 2.34%
题号: mathematics_209, 正确: False, 检索: 4.5192s, Rerank: 0.0858s, 生成: 2.4819s, 首字: 7.1580s, Rerank占比(总): 1.20%, Rerank占比(检): 1.86%
题号: mathematics_210, 正确: True, 检索: 3.5056s, Rerank: 0.0837s, 生成: 2.4264s, 首字: 6.0853s, Rerank占比(总): 1.38%, Rerank占比(检): 2.33%
题号: mathematics_211, 正确: False, 检索: 3.5026s, Rerank: 0.0830s, 生成: 2.4233s, 首字: 6.0772s, Rerank占比(总): 1.37%, Rerank占比(检): 2.31%
题号: mathematics_212, 正确: False, 检索: 3.4995s, Rerank: 0.0837s, 生成: 2.4241s, 首字: 6.0761s, Rerank占比(总): 1.38%, Rerank占比(检): 2.34%
题号: mathematics_213, 正确: True, 检索: 3.5020s, Rerank: 0.0833s, 生成: 2.4278s, 首字: 6.0823s, Rerank占比(总): 1.37%, Rerank占比(检): 2.32%
题号: mathematics_214, 正确: True, 检索: 3.4965s, Rerank: 0.0849s, 生成: 2.4610s, 首字: 6.1114s, Rerank占比(总): 1.39%, Rerank占比(检): 2.37%
题号: mathematics_215, 正确: False, 检索: 3.5251s, Rerank: 0.0875s, 生成: 2.4291s, 首字: 6.1105s, Rerank占比(总): 1.43%, Rerank占比(检): 2.42%
题号: mathematics_216, 正确: False, 检索: 3.4879s, Rerank: 0.0834s, 生成: 2.4325s, 首字: 6.0746s, Rerank占比(总): 1.37%, Rerank占比(检): 2.34%
题号: mathematics_217, 正确: False, 检索: 3.5386s, Rerank: 0.0837s, 生成: 2.4334s, 首字: 6.1246s, Rerank占比(总): 1.37%, Rerank占比(检): 2.31%
题号: mathematics_218, 正确: False, 检索: 3.5464s, Rerank: 0.0834s, 生成: 2.4249s, 首字: 6.1234s, Rerank占比(总): 1.36%, Rerank占比(检): 2.30%
题号: mathematics_219, 正确: False, 检索: 3.5180s, Rerank: 0.0834s, 生成: 2.4245s, 首字: 6.0963s, Rerank占比(总): 1.37%, Rerank占比(检): 2.32%
题号: mathematics_220, 正确: False, 检索: 3.5079s, Rerank: 0.0835s, 生成: 2.4453s, 首字: 6.1058s, Rerank占比(总): 1.37%, Rerank占比(检): 2.33%
题号: mathematics_221, 正确: False, 检索: 3.5388s, Rerank: 0.0842s, 生成: 2.4631s, 首字: 6.1570s, Rerank占比(总): 1.37%, Rerank占比(检): 2.33%
题号: mathematics_222, 正确: True, 检索: 3.5472s, Rerank: 0.0916s, 生成: 2.5922s, 首字: 6.3001s, Rerank占比(总): 1.45%, Rerank占比(检): 2.52%
题号: mathematics_223, 正确: False, 检索: 3.5461s, Rerank: 0.0836s, 生成: 2.4302s, 首字: 6.1292s, Rerank占比(总): 1.36%, Rerank占比(检): 2.30%
题号: mathematics_224, 正确: False, 检索: 3.4886s, Rerank: 0.0837s, 生成: 2.4280s, 首字: 6.0713s, Rerank占比(总): 1.38%, Rerank占比(检): 2.34%
题号: mathematics_225, 正确: False, 检索: 3.4958s, Rerank: 0.0834s, 生成: 2.4214s, 首字: 6.0708s, Rerank占比(总): 1.37%, Rerank占比(检): 2.33%
题号: mathematics_226, 正确: False, 检索: 3.4864s, Rerank: 0.0834s, 生成: 2.4249s, 首字: 6.0632s, Rerank占比(总): 1.38%, Rerank占比(检): 2.34%
题号: mathematics_227, 正确: False, 检索: 3.4888s, Rerank: 0.0830s, 生成: 2.4324s, 首字: 6.0729s, Rerank占比(总): 1.37%, Rerank占比(检): 2.33%
题号: mathematics_228, 正确: True, 检索: 3.5058s, Rerank: 0.0834s, 生成: 2.4298s, 首字: 6.0873s, Rerank占比(总): 1.37%, Rerank占比(检): 2.32%
题号: mathematics_229, 正确: False, 检索: 3.4919s, Rerank: 0.0836s, 生成: 2.4287s, 首字: 6.0733s, Rerank占比(总): 1.38%, Rerank占比(检): 2.34%
题号: mathematics_230, 正确: False, 检索: 3.4954s, Rerank: 0.0833s, 生成: 2.4244s, 首字: 6.0729s, Rerank占比(总): 1.37%, Rerank占比(检): 2.33%
题号: mathematics_231, 正确: True, 检索: 3.5017s, Rerank: 0.0835s, 生成: 2.4271s, 首字: 6.0812s, Rerank占比(总): 1.37%, Rerank占比(检): 2.33%
题号: mathematics_232, 正确: False, 检索: 3.4956s, Rerank: 0.0845s, 生成: 2.4250s, 首字: 6.0736s, Rerank占比(总): 1.39%, Rerank占比(检): 2.36%
题号: mathematics_233, 正确: False, 检索: 3.5053s, Rerank: 0.0833s, 生成: 2.4205s, 首字: 6.0784s, Rerank占比(总): 1.37%, Rerank占比(检): 2.32%
题号: mathematics_234, 正确: False, 检索: 3.4928s, Rerank: 0.0831s, 生成: 2.4233s, 首字: 6.0683s, Rerank占比(总): 1.37%, Rerank占比(检): 2.32%
题号: mathematics_235, 正确: True, 检索: 3.5010s, Rerank: 0.0830s, 生成: 2.4269s, 首字: 6.0807s, Rerank占比(总): 1.36%, Rerank占比(检): 2.32%
题号: mathematics_236, 正确: False, 检索: 3.4968s, Rerank: 0.0832s, 生成: 2.4238s, 首字: 6.0737s, Rerank占比(总): 1.37%, Rerank占比(检): 2.32%
题号: mathematics_237, 正确: True, 检索: 3.4984s, Rerank: 0.0830s, 生成: 2.4256s, 首字: 6.0754s, Rerank占比(总): 1.37%, Rerank占比(检): 2.32%
题号: mathematics_238, 正确: False, 检索: 3.5054s, Rerank: 0.0833s, 生成: 2.4268s, 首字: 6.0840s, Rerank占比(总): 1.37%, Rerank占比(检): 2.32%
题号: mathematics_239, 正确: False, 检索: 3.5151s, Rerank: 0.0835s, 生成: 2.4255s, 首字: 6.0940s, Rerank占比(总): 1.37%, Rerank占比(检): 2.32%
题号: mathematics_240, 正确: False, 检索: 3.5060s, Rerank: 0.0833s, 生成: 2.4283s, 首字: 6.0862s, Rerank占比(总): 1.37%, Rerank占比(检): 2.32%
题号: mathematics_241, 正确: False, 检索: 3.5066s, Rerank: 0.0834s, 生成: 2.4516s, 首字: 6.1114s, Rerank占比(总): 1.36%, Rerank占比(检): 2.32%
题号: mathematics_242, 正确: False, 检索: 3.4916s, Rerank: 0.0834s, 生成: 2.4276s, 首字: 6.0703s, Rerank占比(总): 1.37%, Rerank占比(检): 2.33%
题号: mathematics_243, 正确: True, 检索: 3.5075s, Rerank: 0.0838s, 生成: 2.4369s, 首字: 6.0976s, Rerank占比(总): 1.37%, Rerank占比(检): 2.33%
题号: mathematics_244, 正确: True, 检索: 3.5238s, Rerank: 0.0870s, 生成: 2.4719s, 首字: 6.1515s, Rerank占比(总): 1.41%, Rerank占比(检): 2.41%
题号: mathematics_245, 正确: False, 检索: 3.5183s, Rerank: 0.0835s, 生成: 2.4240s, 首字: 6.0949s, Rerank占比(总): 1.37%, Rerank占比(检): 2.32%
题号: mathematics_246, 正确: False, 检索: 3.5055s, Rerank: 0.0835s, 生成: 2.4214s, 首字: 6.0799s, Rerank占比(总): 1.37%, Rerank占比(检): 2.33%
题号: mathematics_247, 正确: False, 检索: 3.5227s, Rerank: 0.0832s, 生成: 2.4272s, 首字: 6.1026s, Rerank占比(总): 1.36%, Rerank占比(检): 2.31%
题号: mathematics_248, 正确: False, 检索: 3.5104s, Rerank: 0.0838s, 生成: 2.4321s, 首字: 6.0954s, Rerank占比(总): 1.37%, Rerank占比(检): 2.33%
题号: mathematics_249, 正确: True, 检索: 3.5201s, Rerank: 0.0843s, 生成: 2.4511s, 首字: 6.1278s, Rerank占比(总): 1.38%, Rerank占比(检): 2.34%
题号: mathematics_250, 正确: False, 检索: 3.4876s, Rerank: 0.0833s, 生成: 2.4370s, 首字: 6.0779s, Rerank占比(总): 1.37%, Rerank占比(检): 2.33%
题号: mathematics_251, 正确: False, 检索: 3.5039s, Rerank: 0.0839s, 生成: 2.4790s, 首字: 6.1354s, Rerank占比(总): 1.37%, Rerank占比(检): 2.34%
题号: mathematics_252, 正确: True, 检索: 3.5424s, Rerank: 0.0870s, 生成: 2.4508s, 首字: 6.1491s, Rerank占比(总): 1.42%, Rerank占比(检): 2.40%
题号: mathematics_253, 正确: False, 检索: 3.4989s, Rerank: 0.0836s, 生成: 2.4277s, 首字: 6.0786s, Rerank占比(总): 1.37%, Rerank占比(检): 2.33%
题号: mathematics_254, 正确: False, 检索: 3.4945s, Rerank: 0.0836s, 生成: 2.4310s, 首字: 6.0773s, Rerank占比(总): 1.38%, Rerank占比(检): 2.34%
题号: mathematics_255, 正确: False, 检索: 3.4974s, Rerank: 0.0840s, 生成: 2.4236s, 首字: 6.0752s, Rerank占比(总): 1.38%, Rerank占比(检): 2.34%
题号: mathematics_256, 正确: False, 检索: 3.4915s, Rerank: 0.0833s, 生成: 2.4244s, 首字: 6.0687s, Rerank占比(总): 1.37%, Rerank占比(检): 2.33%
题号: mathematics_257, 正确: False, 检索: 3.5036s, Rerank: 0.0834s, 生成: 2.4271s, 首字: 6.0836s, Rerank占比(总): 1.37%, Rerank占比(检): 2.33%
题号: mathematics_258, 正确: True, 检索: 3.5105s, Rerank: 0.0829s, 生成: 2.4264s, 首字: 6.0877s, Rerank占比(总): 1.36%, Rerank占比(检): 2.31%
题号: mathematics_259, 正确: False, 检索: 3.5071s, Rerank: 0.0832s, 生成: 2.4248s, 首字: 6.0835s, Rerank占比(总): 1.37%, Rerank占比(检): 2.32%
题号: mathematics_260, 正确: True, 检索: 3.5012s, Rerank: 0.0833s, 生成: 2.4260s, 首字: 6.0797s, Rerank占比(总): 1.37%, Rerank占比(检): 2.32%
题号: mathematics_261, 正确: False, 检索: 3.5102s, Rerank: 0.0833s, 生成: 2.4876s, 首字: 6.1511s, Rerank占比(总): 1.35%, Rerank占比(检): 2.32%
题号: mathematics_262, 正确: False, 检索: 3.5269s, Rerank: 0.0833s, 生成: 2.4183s, 首字: 6.0972s, Rerank占比(总): 1.37%, Rerank占比(检): 2.31%
题号: mathematics_263, 正确: False, 检索: 3.4914s, Rerank: 0.0834s, 生成: 2.4193s, 首字: 6.0638s, Rerank占比(总): 1.38%, Rerank占比(检): 2.33%
题号: mathematics_264, 正确: False, 检索: 3.4999s, Rerank: 0.0836s, 生成: 2.4263s, 首字: 6.0780s, Rerank占比(总): 1.37%, Rerank占比(检): 2.33%
题号: mathematics_265, 正确: False, 检索: 3.5110s, Rerank: 0.0839s, 生成: 2.4229s, 首字: 6.0867s, Rerank占比(总): 1.38%, Rerank占比(检): 2.33%
题号: mathematics_266, 正确: False, 检索: 3.4926s, Rerank: 0.0834s, 生成: 2.4206s, 首字: 6.0664s, Rerank占比(总): 1.38%, Rerank占比(检): 2.33%
题号: mathematics_267, 正确: False, 检索: 3.4866s, Rerank: 0.0836s, 生成: 2.4214s, 首字: 6.0613s, Rerank占比(总): 1.38%, Rerank占比(检): 2.34%
题号: mathematics_268, 正确: False, 检索: 3.4813s, Rerank: 0.0835s, 生成: 2.4207s, 首字: 6.0547s, Rerank占比(总): 1.38%, Rerank占比(检): 2.34%
题号: mathematics_269, 正确: True, 检索: 3.5053s, Rerank: 0.0836s, 生成: 2.4400s, 首字: 6.0985s, Rerank占比(总): 1.37%, Rerank占比(检): 2.33%
题号: mathematics_270, 正确: False, 检索: 3.5039s, Rerank: 0.0835s, 生成: 2.4307s, 首字: 6.0863s, Rerank占比(总): 1.37%, Rerank占比(检): 2.33%
题号: mathematics_271, 正确: True, 检索: 3.4972s, Rerank: 0.0872s, 生成: 2.5071s, 首字: 6.1615s, Rerank占比(总): 1.41%, Rerank占比(检): 2.43%
题号: mathematics_272, 正确: False, 检索: 3.5483s, Rerank: 0.0858s, 生成: 2.4685s, 首字: 6.1723s, Rerank占比(总): 1.39%, Rerank占比(检): 2.36%
题号: mathematics_273, 正确: False, 检索: 3.5220s, Rerank: 0.0832s, 生成: 2.4339s, 首字: 6.1100s, Rerank占比(总): 1.36%, Rerank占比(检): 2.31%
题号: mathematics_274, 正确: True, 检索: 3.5074s, Rerank: 0.0833s, 生成: 2.4183s, 首字: 6.0772s, Rerank占比(总): 1.37%, Rerank占比(检): 2.32%
题号: mathematics_275, 正确: False, 检索: 3.4989s, Rerank: 0.0830s, 生成: 2.4153s, 首字: 6.0680s, Rerank占比(总): 1.37%, Rerank占比(检): 2.32%
题号: mathematics_276, 正确: False, 检索: 3.5020s, Rerank: 0.0836s, 生成: 2.4212s, 首字: 6.0780s, Rerank占比(总): 1.38%, Rerank占比(检): 2.33%
题号: mathematics_277, 正确: False, 检索: 3.5062s, Rerank: 0.0833s, 生成: 2.4255s, 首字: 6.0840s, Rerank占比(总): 1.37%, Rerank占比(检): 2.32%
题号: mathematics_278, 正确: False, 检索: 3.4975s, Rerank: 0.0833s, 生成: 2.4221s, 首字: 6.0732s, Rerank占比(总): 1.37%, Rerank占比(检): 2.33%
题号: mathematics_279, 正确: True, 检索: 3.4996s, Rerank: 0.0832s, 生成: 2.4193s, 首字: 6.0707s, Rerank占比(总): 1.37%, Rerank占比(检): 2.32%
题号: mathematics_280, 正确: False, 检索: 3.5080s, Rerank: 0.0837s, 生成: 2.4220s, 首字: 6.0828s, Rerank占比(总): 1.38%, Rerank占比(检): 2.33%
题号: mathematics_281, 正确: False, 检索: 3.5137s, Rerank: 0.0833s, 生成: 2.4318s, 首字: 6.0974s, Rerank占比(总): 1.37%, Rerank占比(检): 2.32%
题号: mathematics_282, 正确: True, 检索: 3.5164s, Rerank: 0.0833s, 生成: 2.4292s, 首字: 6.0984s, Rerank占比(总): 1.37%, Rerank占比(检): 2.31%
题号: mathematics_283, 正确: False, 检索: 3.5288s, Rerank: 0.0844s, 生成: 2.4213s, 首字: 6.1045s, Rerank占比(总): 1.38%, Rerank占比(检): 2.34%
题号: mathematics_284, 正确: False, 检索: 3.5202s, Rerank: 0.0834s, 生成: 2.4182s, 首字: 6.0910s, Rerank占比(总): 1.37%, Rerank占比(检): 2.31%
题号: mathematics_285, 正确: False, 检索: 3.5036s, Rerank: 0.0836s, 生成: 2.4135s, 首字: 6.0696s, Rerank占比(总): 1.38%, Rerank占比(检): 2.33%
题号: mathematics_286, 正确: False, 检索: 3.5147s, Rerank: 0.0833s, 生成: 2.4176s, 首字: 6.0842s, Rerank占比(总): 1.37%, Rerank占比(检): 2.31%
题号: mathematics_287, 正确: True, 检索: 3.4971s, Rerank: 0.0836s, 生成: 2.4193s, 首字: 6.0689s, Rerank占比(总): 1.38%, Rerank占比(检): 2.34%
题号: mathematics_288, 正确: False, 检索: 3.4984s, Rerank: 0.0833s, 生成: 2.4147s, 首字: 6.0660s, Rerank占比(总): 1.37%, Rerank占比(检): 2.33%
题号: mathematics_289, 正确: False, 检索: 3.4923s, Rerank: 0.0835s, 生成: 2.4133s, 首字: 6.0580s, Rerank占比(总): 1.38%, Rerank占比(检): 2.33%
题号: mathematics_290, 正确: False, 检索: 3.4921s, Rerank: 0.0834s, 生成: 2.4153s, 首字: 6.0612s, Rerank占比(总): 1.38%, Rerank占比(检): 2.33%
题号: mathematics_291, 正确: False, 检索: 3.4903s, Rerank: 0.0833s, 生成: 2.4144s, 首字: 6.0578s, Rerank占比(总): 1.37%, Rerank占比(检): 2.33%
题号: mathematics_292, 正确: False, 检索: 3.4871s, Rerank: 0.0831s, 生成: 2.4200s, 首字: 6.0585s, Rerank占比(总): 1.37%, Rerank占比(检): 2.33%
题号: mathematics_293, 正确: False, 检索: 3.4893s, Rerank: 0.0831s, 生成: 2.4168s, 首字: 6.0585s, Rerank占比(总): 1.37%, Rerank占比(检): 2.33%
题号: mathematics_294, 正确: False, 检索: 3.4888s, Rerank: 0.0833s, 生成: 2.4162s, 首字: 6.0580s, Rerank占比(总): 1.37%, Rerank占比(检): 2.33%
题号: mathematics_295, 正确: False, 检索: 3.4906s, Rerank: 0.0836s, 生成: 2.4172s, 首字: 6.0600s, Rerank占比(总): 1.38%, Rerank占比(检): 2.34%
题号: mathematics_296, 正确: False, 检索: 3.4855s, Rerank: 0.0837s, 生成: 2.4169s, 首字: 6.0549s, Rerank占比(总): 1.38%, Rerank占比(检): 2.35%
题号: mathematics_297, 正确: False, 检索: 3.4903s, Rerank: 0.0834s, 生成: 2.4192s, 首字: 6.0615s, Rerank占比(总): 1.38%, Rerank占比(检): 2.33%
题号: mathematics_298, 正确: False, 检索: 3.4882s, Rerank: 0.0835s, 生成: 2.4176s, 首字: 6.0592s, Rerank占比(总): 1.38%, Rerank占比(检): 2.34%
题号: mathematics_299, 正确: False, 检索: 3.4897s, Rerank: 0.0838s, 生成: 2.4188s, 首字: 6.0619s, Rerank占比(总): 1.38%, Rerank占比(检): 2.34%
题号: mathematics_300, 正确: False, 检索: 3.4996s, Rerank: 0.0834s, 生成: 2.4239s, 首字: 6.0756s, Rerank占比(总): 1.37%, Rerank占比(检): 2.33%
题号: mathematics_301, 正确: False, 检索: 3.4918s, Rerank: 0.0839s, 生成: 2.4180s, 首字: 6.0622s, Rerank占比(总): 1.38%, Rerank占比(检): 2.35%
题号: mathematics_302, 正确: True, 检索: 3.4831s, Rerank: 0.0836s, 生成: 2.4190s, 首字: 6.0540s, Rerank占比(总): 1.38%, Rerank占比(检): 2.34%
题号: mathematics_303, 正确: True, 检索: 3.5075s, Rerank: 0.0833s, 生成: 2.4174s, 首字: 6.0780s, Rerank占比(总): 1.37%, Rerank占比(检): 2.32%
题号: mathematics_304, 正确: False, 检索: 3.5034s, Rerank: 0.0834s, 生成: 2.4204s, 首字: 6.0757s, Rerank占比(总): 1.37%, Rerank占比(检): 2.32%
题号: mathematics_305, 正确: True, 检索: 3.5104s, Rerank: 0.0834s, 生成: 2.4191s, 首字: 6.0822s, Rerank占比(总): 1.37%, Rerank占比(检): 2.32%
题号: mathematics_306, 正确: False, 检索: 3.5054s, Rerank: 0.0832s, 生成: 2.4162s, 首字: 6.0757s, Rerank占比(总): 1.37%, Rerank占比(检): 2.32%
题号: mathematics_307, 正确: True, 检索: 3.5025s, Rerank: 0.0877s, 生成: 2.4348s, 首字: 6.0937s, Rerank占比(总): 1.44%, Rerank占比(检): 2.44%
题号: mathematics_308, 正确: False, 检索: 3.5272s, Rerank: 0.0840s, 生成: 2.4283s, 首字: 6.1082s, Rerank占比(总): 1.37%, Rerank占比(检): 2.33%
题号: mathematics_309, 正确: False, 检索: 3.5042s, Rerank: 0.0831s, 生成: 2.4275s, 首字: 6.0832s, Rerank占比(总): 1.37%, Rerank占比(检): 2.32%
题号: mathematics_310, 正确: False, 检索: 3.4896s, Rerank: 0.0833s, 生成: 2.4304s, 首字: 6.0715s, Rerank占比(总): 1.37%, Rerank占比(检): 2.33%
题号: mathematics_311, 正确: False, 检索: 3.4961s, Rerank: 0.0833s, 生成: 2.4168s, 首字: 6.0653s, Rerank占比(总): 1.37%, Rerank占比(检): 2.33%
题号: mathematics_312, 正确: False, 检索: 3.4860s, Rerank: 0.0832s, 生成: 2.4185s, 首字: 6.0569s, Rerank占比(总): 1.37%, Rerank占比(检): 2.33%
题号: mathematics_313, 正确: True, 检索: 3.4948s, Rerank: 0.0837s, 生成: 2.4168s, 首字: 6.0660s, Rerank占比(总): 1.38%, Rerank占比(检): 2.34%
题号: mathematics_314, 正确: False, 检索: 3.5026s, Rerank: 0.0834s, 生成: 2.4222s, 首字: 6.0778s, Rerank占比(总): 1.37%, Rerank占比(检): 2.33%
题号: mathematics_315, 正确: False, 检索: 3.4941s, Rerank: 0.0833s, 生成: 2.4188s, 首字: 6.0658s, Rerank占比(总): 1.37%, Rerank占比(检): 2.33%
题号: mathematics_316, 正确: False, 检索: 3.4927s, Rerank: 0.0839s, 生成: 2.4179s, 首字: 6.0635s, Rerank占比(总): 1.38%, Rerank占比(检): 2.35%
题号: mathematics_317, 正确: True, 检索: 3.5134s, Rerank: 0.0836s, 生成: 2.4212s, 首字: 6.0875s, Rerank占比(总): 1.37%, Rerank占比(检): 2.33%
题号: mathematics_318, 正确: False, 检索: 3.5026s, Rerank: 0.0840s, 生成: 2.4197s, 首字: 6.0764s, Rerank占比(总): 1.38%, Rerank占比(检): 2.34%
题号: mathematics_319, 正确: False, 检索: 3.5130s, Rerank: 0.0839s, 生成: 2.4218s, 首字: 6.0876s, Rerank占比(总): 1.38%, Rerank占比(检): 2.33%
题号: mathematics_320, 正确: True, 检索: 3.5045s, Rerank: 0.0834s, 生成: 2.4283s, 首字: 6.0863s, Rerank占比(总): 1.37%, Rerank占比(检): 2.33%
题号: mathematics_321, 正确: False, 检索: 3.5220s, Rerank: 0.0833s, 生成: 2.4263s, 首字: 6.1019s, Rerank占比(总): 1.37%, Rerank占比(检): 2.31%
题号: mathematics_322, 正确: True, 检索: 3.5205s, Rerank: 0.0835s, 生成: 2.4420s, 首字: 6.1151s, Rerank占比(总): 1.37%, Rerank占比(检): 2.32%
题号: mathematics_323, 正确: True, 检索: 3.5450s, Rerank: 0.0853s, 生成: 2.4619s, 首字: 6.1612s, Rerank占比(总): 1.39%, Rerank占比(检): 2.35%
题号: mathematics_324, 正确: False, 检索: 3.5459s, Rerank: 0.0840s, 生成: 2.4237s, 首字: 6.1237s, Rerank占比(总): 1.37%, Rerank占比(检): 2.31%
题号: mathematics_325, 正确: False, 检索: 3.5321s, Rerank: 0.0846s, 生成: 2.4302s, 首字: 6.1158s, Rerank占比(总): 1.38%, Rerank占比(检): 2.34%
题号: mathematics_326, 正确: False, 检索: 3.5146s, Rerank: 0.0834s, 生成: 2.4263s, 首字: 6.0952s, Rerank占比(总): 1.37%, Rerank占比(检): 2.32%
题号: mathematics_327, 正确: False, 检索: 3.5086s, Rerank: 0.0837s, 生成: 2.4290s, 首字: 6.0905s, Rerank占比(总): 1.37%, Rerank占比(检): 2.33%
题号: mathematics_328, 正确: False, 检索: 3.5072s, Rerank: 0.0835s, 生成: 2.4295s, 首字: 6.0899s, Rerank占比(总): 1.37%, Rerank占比(检): 2.33%
题号: mathematics_329, 正确: False, 检索: 3.5100s, Rerank: 0.0841s, 生成: 2.5387s, 首字: 6.2027s, Rerank占比(总): 1.36%, Rerank占比(检): 2.34%
题号: mathematics_330, 正确: False, 检索: 3.5584s, Rerank: 0.0837s, 生成: 2.4392s, 首字: 6.1506s, Rerank占比(总): 1.36%, Rerank占比(检): 2.30%
题号: mathematics_331, 正确: False, 检索: 3.5397s, Rerank: 0.0838s, 生成: 2.4272s, 首字: 6.1211s, Rerank占比(总): 1.37%, Rerank占比(检): 2.31%
题号: mathematics_332, 正确: False, 检索: 3.5241s, Rerank: 0.0832s, 生成: 2.4224s, 首字: 6.0989s, Rerank占比(总): 1.36%, Rerank占比(检): 2.31%
题号: mathematics_333, 正确: False, 检索: 3.5350s, Rerank: 0.0834s, 生成: 2.4228s, 首字: 6.1096s, Rerank占比(总): 1.36%, Rerank占比(检): 2.30%
题号: mathematics_334, 正确: False, 检索: 3.5397s, Rerank: 0.0836s, 生成: 2.4214s, 首字: 6.1134s, Rerank占比(总): 1.37%, Rerank占比(检): 2.31%
题号: mathematics_335, 正确: False, 检索: 3.5453s, Rerank: 0.0837s, 生成: 2.4205s, 首字: 6.1190s, Rerank占比(总): 1.37%, Rerank占比(检): 2.31%
题号: mathematics_336, 正确: False, 检索: 3.5207s, Rerank: 0.0831s, 生成: 2.4194s, 首字: 6.0907s, Rerank占比(总): 1.36%, Rerank占比(检): 2.31%
题号: mathematics_337, 正确: False, 检索: 3.5168s, Rerank: 0.0836s, 生成: 2.4230s, 首字: 6.0950s, Rerank占比(总): 1.37%, Rerank占比(检): 2.32%
题号: mathematics_338, 正确: True, 检索: 3.5167s, Rerank: 0.0835s, 生成: 2.4191s, 首字: 6.0887s, Rerank占比(总): 1.37%, Rerank占比(检): 2.32%
题号: mathematics_339, 正确: False, 检索: 3.5368s, Rerank: 0.0835s, 生成: 2.4257s, 首字: 6.1149s, Rerank占比(总): 1.37%, Rerank占比(检): 2.31%
题号: mathematics_340, 正确: False, 检索: 3.5300s, Rerank: 0.0833s, 生成: 2.4220s, 首字: 6.1042s, Rerank占比(总): 1.37%, Rerank占比(检): 2.31%
题号: mathematics_341, 正确: False, 检索: 3.5444s, Rerank: 0.0831s, 生成: 2.4210s, 首字: 6.1179s, Rerank占比(总): 1.36%, Rerank占比(检): 2.29%
题号: mathematics_342, 正确: False, 检索: 3.5241s, Rerank: 0.0856s, 生成: 2.4214s, 首字: 6.1000s, Rerank占比(总): 1.40%, Rerank占比(检): 2.37%
题号: mathematics_343, 正确: True, 检索: 3.5046s, Rerank: 0.0830s, 生成: 2.4232s, 首字: 6.0800s, Rerank占比(总): 1.37%, Rerank占比(检): 2.31%
题号: mathematics_344, 正确: False, 检索: 3.5004s, Rerank: 0.0828s, 生成: 2.4208s, 首字: 6.0733s, Rerank占比(总): 1.36%, Rerank占比(检): 2.31%
题号: mathematics_345, 正确: True, 检索: 3.5157s, Rerank: 0.0834s, 生成: 2.4231s, 首字: 6.0918s, Rerank占比(总): 1.37%, Rerank占比(检): 2.32%
题号: mathematics_346, 正确: True, 检索: 3.5095s, Rerank: 0.0830s, 生成: 2.4203s, 首字: 6.0817s, Rerank占比(总): 1.36%, Rerank占比(检): 2.31%
题号: mathematics_347, 正确: False, 检索: 3.5084s, Rerank: 0.0835s, 生成: 2.4228s, 首字: 6.0837s, Rerank占比(总): 1.37%, Rerank占比(检): 2.33%
题号: mathematics_348, 正确: False, 检索: 3.5112s, Rerank: 0.0829s, 生成: 2.4188s, 首字: 6.0822s, Rerank占比(总): 1.36%, Rerank占比(检): 2.31%
题号: mathematics_349, 正确: False, 检索: 3.4972s, Rerank: 0.0834s, 生成: 2.4181s, 首字: 6.0685s, Rerank占比(总): 1.37%, Rerank占比(检): 2.33%
题号: mathematics_350, 正确: True, 检索: 3.5081s, Rerank: 0.0833s, 生成: 2.4471s, 首字: 6.1070s, Rerank占比(总): 1.36%, Rerank占比(检): 2.32%
题号: mathematics_351, 正确: False, 检索: 3.5382s, Rerank: 0.0831s, 生成: 2.4377s, 首字: 6.1273s, Rerank占比(总): 1.36%, Rerank占比(检): 2.30%
题号: mathematics_352, 正确: False, 检索: 3.5100s, Rerank: 0.0835s, 生成: 2.4354s, 首字: 6.0974s, Rerank占比(总): 1.37%, Rerank占比(检): 2.32%
题号: mathematics_353, 正确: False, 检索: 3.5243s, Rerank: 0.0834s, 生成: 2.4272s, 首字: 6.1056s, Rerank占比(总): 1.37%, Rerank占比(检): 2.31%
题号: mathematics_354, 正确: True, 检索: 3.5264s, Rerank: 0.0834s, 生成: 2.4316s, 首字: 6.1106s, Rerank占比(总): 1.37%, Rerank占比(检): 2.31%
题号: mathematics_355, 正确: True, 检索: 3.5154s, Rerank: 0.0838s, 生成: 2.4263s, 首字: 6.0944s, Rerank占比(总): 1.37%, Rerank占比(检): 2.33%
题号: mathematics_356, 正确: False, 检索: 3.5178s, Rerank: 0.0835s, 生成: 2.4202s, 首字: 6.0896s, Rerank占比(总): 1.37%, Rerank占比(检): 2.32%
题号: mathematics_357, 正确: True, 检索: 3.5076s, Rerank: 0.0839s, 生成: 2.4307s, 首字: 6.0919s, Rerank占比(总): 1.38%, Rerank占比(检): 2.34%
题号: mathematics_358, 正确: False, 检索: 3.5041s, Rerank: 0.0835s, 生成: 2.4288s, 首字: 6.0845s, Rerank占比(总): 1.37%, Rerank占比(检): 2.33%
题号: mathematics_359, 正确: False, 检索: 3.5086s, Rerank: 0.0833s, 生成: 2.4303s, 首字: 6.0919s, Rerank占比(总): 1.37%, Rerank占比(检): 2.32%
题号: mathematics_360, 正确: False, 检索: 3.5123s, Rerank: 0.0841s, 生成: 2.4231s, 首字: 6.0879s, Rerank占比(总): 1.38%, Rerank占比(检): 2.34%
题号: mathematics_361, 正确: True, 检索: 3.5048s, Rerank: 0.0837s, 生成: 2.4276s, 首字: 6.0862s, Rerank占比(总): 1.38%, Rerank占比(检): 2.33%
题号: mathematics_362, 正确: True, 检索: 3.5111s, Rerank: 0.0837s, 生成: 2.4263s, 首字: 6.0897s, Rerank占比(总): 1.37%, Rerank占比(检): 2.33%
题号: mathematics_363, 正确: False, 检索: 3.5156s, Rerank: 0.0839s, 生成: 2.4450s, 首字: 6.1146s, Rerank占比(总): 1.37%, Rerank占比(检): 2.33%
题号: mathematics_364, 正确: False, 检索: 3.5176s, Rerank: 0.0835s, 生成: 2.4267s, 首字: 6.0975s, Rerank占比(总): 1.37%, Rerank占比(检): 2.32%
题号: mathematics_365, 正确: False, 检索: 3.5095s, Rerank: 0.0842s, 生成: 2.4370s, 首字: 6.1001s, Rerank占比(总): 1.38%, Rerank占比(检): 2.34%
题号: mathematics_366, 正确: False, 检索: 3.5100s, Rerank: 0.0834s, 生成: 2.4284s, 首字: 6.0917s, Rerank占比(总): 1.37%, Rerank占比(检): 2.32%
题号: mathematics_367, 正确: False, 检索: 3.5098s, Rerank: 0.0839s, 生成: 2.4287s, 首字: 6.0923s, Rerank占比(总): 1.38%, Rerank占比(检): 2.33%
题号: mathematics_368, 正确: False, 检索: 3.5116s, Rerank: 0.0833s, 生成: 2.4281s, 首字: 6.0929s, Rerank占比(总): 1.37%, Rerank占比(检): 2.32%
题号: mathematics_369, 正确: False, 检索: 3.5063s, Rerank: 0.0835s, 生成: 2.4221s, 首字: 6.0803s, Rerank占比(总): 1.37%, Rerank占比(检): 2.33%
题号: mathematics_370, 正确: False, 检索: 3.5310s, Rerank: 0.0840s, 生成: 2.4201s, 首字: 6.1048s, Rerank占比(总): 1.38%, Rerank占比(检): 2.32%
题号: mathematics_371, 正确: False, 检索: 3.5172s, Rerank: 0.0832s, 生成: 2.4194s, 首字: 6.0886s, Rerank占比(总): 1.37%, Rerank占比(检): 2.31%
题号: mathematics_372, 正确: False, 检索: 3.5172s, Rerank: 0.0838s, 生成: 2.4220s, 首字: 6.0913s, Rerank占比(总): 1.38%, Rerank占比(检): 2.33%
题号: mathematics_373, 正确: False, 检索: 3.5180s, Rerank: 0.0834s, 生成: 2.4282s, 首字: 6.0977s, Rerank占比(总): 1.37%, Rerank占比(检): 2.31%
题号: mathematics_374, 正确: True, 检索: 3.5222s, Rerank: 0.0836s, 生成: 2.4280s, 首字: 6.1040s, Rerank占比(总): 1.37%, Rerank占比(检): 2.32%
题号: mathematics_375, 正确: False, 检索: 3.5238s, Rerank: 0.0837s, 生成: 2.4243s, 首字: 6.1006s, Rerank占比(总): 1.37%, Rerank占比(检): 2.32%
题号: mathematics_376, 正确: False, 检索: 3.5234s, Rerank: 0.0837s, 生成: 2.4276s, 首字: 6.1040s, Rerank占比(总): 1.37%, Rerank占比(检): 2.32%
题号: mathematics_377, 正确: False, 检索: 3.5406s, Rerank: 0.0835s, 生成: 2.4789s, 首字: 6.1710s, Rerank占比(总): 1.35%, Rerank占比(检): 2.30%
题号: mathematics_378, 正确: False, 检索: 3.5699s, Rerank: 0.0833s, 生成: 2.4235s, 首字: 6.1452s, Rerank占比(总): 1.35%, Rerank占比(检): 2.28%
题号: mathematics_379, 正确: False, 检索: 3.5352s, Rerank: 0.0837s, 生成: 2.4272s, 首字: 6.1145s, Rerank占比(总): 1.37%, Rerank占比(检): 2.31%
题号: mathematics_380, 正确: False, 检索: 3.5337s, Rerank: 0.0835s, 生成: 2.4255s, 首字: 6.1121s, Rerank占比(总): 1.37%, Rerank占比(检): 2.31%
题号: mathematics_381, 正确: False, 检索: 3.5343s, Rerank: 0.0834s, 生成: 2.4327s, 首字: 6.1192s, Rerank占比(总): 1.36%, Rerank占比(检): 2.30%
题号: mathematics_382, 正确: False, 检索: 3.5406s, Rerank: 0.0839s, 生成: 2.4226s, 首字: 6.1168s, Rerank占比(总): 1.37%, Rerank占比(检): 2.31%
题号: mathematics_383, 正确: True, 检索: 3.5270s, Rerank: 0.0834s, 生成: 2.4271s, 首字: 6.1059s, Rerank占比(总): 1.37%, Rerank占比(检): 2.31%
题号: mathematics_384, 正确: True, 检索: 3.5258s, Rerank: 0.0830s, 生成: 2.4273s, 首字: 6.1050s, Rerank占比(总): 1.36%, Rerank占比(检): 2.30%
题号: mathematics_385, 正确: False, 检索: 3.5270s, Rerank: 0.0844s, 生成: 2.4256s, 首字: 6.1066s, Rerank占比(总): 1.38%, Rerank占比(检): 2.34%
题号: mathematics_386, 正确: False, 检索: 3.5257s, Rerank: 0.0837s, 生成: 2.4233s, 首字: 6.1031s, Rerank占比(总): 1.37%, Rerank占比(检): 2.32%
题号: mathematics_387, 正确: False, 检索: 3.5398s, Rerank: 0.0834s, 生成: 2.4212s, 首字: 6.1134s, Rerank占比(总): 1.36%, Rerank占比(检): 2.30%
题号: mathematics_388, 正确: False, 检索: 3.5239s, Rerank: 0.0833s, 生成: 2.4223s, 首字: 6.0982s, Rerank占比(总): 1.37%, Rerank占比(检): 2.31%
题号: mathematics_389, 正确: False, 检索: 3.5273s, Rerank: 0.0831s, 生成: 2.4228s, 首字: 6.1022s, Rerank占比(总): 1.36%, Rerank占比(检): 2.30%
题号: mathematics_390, 正确: False, 检索: 3.5281s, Rerank: 0.0835s, 生成: 2.4221s, 首字: 6.1024s, Rerank占比(总): 1.37%, Rerank占比(检): 2.31%
题号: mathematics_391, 正确: False, 检索: 3.5297s, Rerank: 0.0835s, 生成: 2.4240s, 首字: 6.1068s, Rerank占比(总): 1.37%, Rerank占比(检): 2.31%
题号: mathematics_392, 正确: False, 检索: 3.5269s, Rerank: 0.0835s, 生成: 2.4196s, 首字: 6.0997s, Rerank占比(总): 1.37%, Rerank占比(检): 2.31%
题号: mathematics_393, 正确: False, 检索: 3.5289s, Rerank: 0.0837s, 生成: 2.4197s, 首字: 6.1010s, Rerank占比(总): 1.37%, Rerank占比(检): 2.32%
题号: mathematics_394, 正确: False, 检索: 3.5253s, Rerank: 0.0834s, 生成: 2.4187s, 首字: 6.0967s, Rerank占比(总): 1.37%, Rerank占比(检): 2.31%
题号: mathematics_395, 正确: False, 检索: 3.5289s, Rerank: 0.0835s, 生成: 2.4197s, 首字: 6.1019s, Rerank占比(总): 1.37%, Rerank占比(检): 2.31%
题号: mathematics_396, 正确: False, 检索: 3.5189s, Rerank: 0.0829s, 生成: 2.4225s, 首字: 6.0925s, Rerank占比(总): 1.36%, Rerank占比(检): 2.30%
题号: mathematics_397, 正确: False, 检索: 3.5235s, Rerank: 0.0831s, 生成: 2.4208s, 首字: 6.0975s, Rerank占比(总): 1.36%, Rerank占比(检): 2.30%
题号: mathematics_398, 正确: False, 检索: 3.5233s, Rerank: 0.0832s, 生成: 2.4198s, 首字: 6.0941s, Rerank占比(总): 1.37%, Rerank占比(检): 2.31%
题号: mathematics_399, 正确: False, 检索: 3.5207s, Rerank: 0.0834s, 生成: 2.4237s, 首字: 6.0976s, Rerank占比(总): 1.37%, Rerank占比(检): 2.31%

📊 数据集 mathematics 评测完成，统计结果如下：
 🟢 总正确率: 0.2475 (99/400)
 ⏱️ 平均每题 Rerank 耗时: 0.0843 秒
 ⏱️ 平均每题 首字延迟: 6.3307 秒
 📊 平均 Rerank耗时/总耗时比值: 0.0134
 📊 平均 Rerank耗时/检索耗时比值: 0.0223
 📉 重排耗时方差 (Variance): 0.000002 (s²)
 📏 重排耗时标准差 (Std): 0.001475 (s)

✅ 评测完成，结果已保存。
